PLS_id,g1,resopfrac,tleaf,twood,troot,aleaf,awood,aroot,c4,leaf_n2c,awood_n2c,froot_n2c,leaf_p2c,awood_p2c,froot_p2c,amp,pdia,dwood,sla_var
0.0,13.506289902211002,0.4565238447508686,7.29318487455062,0.0,2.07595823130178,0.21,0.0,0.79,1.0,0.04444228845769154,0.0,0.020379475895179036,0.003264032806561312,0.0,0.004229045809161832,0.27118198279149963,0.0,0.5262925847141287,0.019215032465338597
1.0,3.7666913358857235,0.6865392406048436,6.77041346152873,0.0,6.683032479935034,0.635,0.0,0.365,1.0,0.04833366673334667,0.0,0.013522304460892177,0.008106581316263253,0.0,0.0041707541508301665,0.5858052795705163,0.0,0.696908115093374,0.02384055555289091
2.0,2.686155583777744,0.37403264846496587,3.0605700626798433,0.0,4.376237121269437,0.73375,0.0,0.26625,1.0,0.04266813362672535,0.0,0.03593498699739948,0.006982916583316663,0.0,0.003511682336467293,0.4491969653719701,0.0,0.5642763491941655,0.011229939026800119
3.0,2.499368757042826,0.3758970976053061,6.692972470236916,0.0,5.1091160432747245,0.61875,0.0,0.38125,1.0,0.04068813762752551,0.0,0.026209841968393675,0.00503138627725545,0.0,0.003534246849369874,0.37563709602823403,0.0,0.6255488437941631,0.027700843903661676
4.0,13.191252434774448,0.6646596572272722,3.7534178489691907,0.0,3.881299163815488,0.4375,0.0,0.5625,1.0,0.04814742948589718,0.0,0.05734446889377875,0.005280676135227045,0.0,0.004743328665733146,0.8366899539038052,0.0,0.5727518972455776,0.02529884168499469
5.0,7.022861361726502,0.5212714784191461,6.024257647062886,0.0,3.054258382967474,0.1025,0.0,0.8975,1.0,0.013899379875975195,0.0,0.048504500900180034,0.00479883976795359,0.0,0.0007935987197439489,0.5364338392817296,0.0,0.6940278790641662,0.025629130712400472
6.0,15.371605507451445,0.516345500567521,5.251495922566627,0.0,3.6731854230258043,0.40625,0.0,0.59375,1.0,0.03852190438087618,0.0,0.04977915583116623,0.002488257651530306,0.0,0.0014225845169033805,0.871699535583686,0.0,0.8271615933874454,0.015363970639265489
7.0,7.835335849506317,0.4802355439736733,4.835141439623261,0.0,0.8135524786656861,0.43,0.0,0.57,1.0,0.036179235847169436,0.0,0.024840768153630725,0.002531046209241848,0.0,0.0017112222444488896,0.25051609387530827,0.0,0.7325617888986202,0.011535151581765988
8.0,4.426948740742929,0.5750631819741121,5.9862167604604695,0.0,8.253094802485988,0.5425,0.0,0.4575,1.0,0.008606321264252852,0.0,0.02931386277255451,0.004289097819563912,0.0,0.001578655731146229,0.5541368222235895,0.0,0.6155388408147282,0.0250305876115371
9.0,6.750422584167946,0.45906064297878835,4.001258817877826,0.0,7.220462181322254,0.75625,0.0,0.24375,1.0,0.010684336867373474,0.0,0.02266913382676535,0.003172874574914983,0.0,0.0038727145429085816,0.056475251486205844,0.0,0.8849062396988447,0.015683967529142622
10.0,16.05473791165631,0.24023289339452297,8.036167357687832,0.0,4.631000836351132,0.5725,0.0,0.4275,1.0,0.022574114822964595,0.0,0.01564672934586917,0.005596939387877575,0.0,0.0043898179635927185,0.9775807021948179,0.0,0.7089800873682982,0.03558025033189541
11.0,2.3679617252972363,0.3042875920268976,5.378634103840927,0.0,4.0791086895034745,0.94,0.0,0.06,1.0,0.01313482696539308,0.0,0.010677935587117424,0.0014520304060812162,0.0,0.0028554310862172433,0.8755980757233699,0.0,0.7082281213155416,0.027702357701145472
12.0,3.0684903374728543,0.48254646722184635,3.133555098235833,0.0,0.20792705070382533,0.745,0.0,0.255,1.0,0.026485097019403884,0.0,0.030635727145429083,0.0056992598519703935,0.0,0.0025273054610922183,0.12095804364189715,0.0,0.8522261010441972,0.0343047054120519
13.0,6.705269274075454,0.5338256767480023,8.285634049619727,0.0,8.22160605335906,0.95125,0.0,0.04875,1.0,0.007508501700340069,0.0,0.010170434086817361,0.004534666933386677,0.0,0.0013135227045409082,0.7092719520557778,0.0,0.8016332892493487,0.023740150513755637
14.0,11.132840125692175,0.48307594507115414,6.5266432877462615,0.0,0.10915832332908962,0.62875,0.0,0.37125,1.0,0.032689737947589524,0.0,0.04458611722344469,0.006904780956191237,0.0,0.0046925585117023405,0.8087631677918486,0.0,0.5711868075332829,0.03371573442250748
15.0,7.266217684232827,0.3512066172040922,2.8075021364497994,0.0,3.2609932690236145,0.6825,0.0,0.3175,1.0,0.013860172034406884,0.0,0.040278255651130225,0.008664692938587718,0.0,0.003489117823564713,0.9068338294022978,0.0,0.5150955545277177,0.018787859304265752
16.0,11.980946880177749,0.24015291079761336,3.5379644564118404,0.0,1.7574710517722214,0.2825,0.0,0.7175,1.0,0.03196439287857571,0.0,0.047808161632326464,0.0060266853370674126,0.0,0.003777755551110222,0.35441650764199445,0.0,0.5982215503654096,0.012495873460801644
17.0,3.6480352615535865,0.31115128181708923,4.745212309283648,0.0,6.154635719468578,0.29625,0.0,0.70375,1.0,0.03576755351070214,0.0,0.0032778555711142224,0.005077895579115823,0.0,0.001578655731146229,0.03006844051205962,0.0,0.611974339613422,0.01347594158320691
18.0,11.301444570274308,0.6239721122698979,2.55951681598329,0.0,6.422335795655316,0.29125,0.0,0.70875,1.0,0.01672234446889378,0.0,0.016000800160032004,0.003952370474094818,0.0,0.0012477095419083817,0.42151085133828337,0.0,0.5400420861540112,0.037977937055856344
19.0,6.280959708930519,0.23827712445038451,7.620060420573503,0.0,5.54064326420668,0.07125,0.0,0.92875,1.0,0.02290738147629526,0.0,0.023271054210842166,0.0063875975195039,0.0,0.0017995999199839968,0.6998071715104943,0.0,0.7501056600447356,0.0235298715618193
20.0,9.10741262442312,0.21363261187036825,7.343655892639189,0.0,7.6862108303636285,0.92,0.0,0.08,1.0,0.04698099619923985,0.0,0.012696139227845567,0.006616423284656931,0.0,0.002484056811362272,0.5497336615756464,0.0,0.7106552727896234,0.03337558226180664
21.0,17.456276660090833,0.24498344848034415,2.387131782140698,0.0,2.3224518739253894,0.53,0.0,0.47,1.0,0.03790438087617524,0.0,0.020945989197839566,0.007295459091818363,0.0,0.0038868173634726945,0.9104867864631432,0.0,0.676724486527883,0.020510921838180374
22.0,14.343132359903711,0.3517594861690103,7.831716840499991,0.0,3.3155901330902156,0.95875,0.0,0.04125,1.0,0.03902180436087218,0.0,0.020332266453290657,0.008677715543108621,0.0,0.0004391478295659131,0.6350357196787847,0.0,0.6104203998066966,0.024161030017482682
23.0,8.443471394651398,0.32924959520477426,7.4279448538068085,0.0,7.89720764949013,0.05625,0.0,0.94375,1.0,0.009625725145029008,0.0,0.02242128425685137,0.0034500700140028,0.0,0.0041585317063412685,0.45082344834486515,0.0,0.5224847025673054,0.028693023201987564
24.0,18.793379594430498,0.5027946341214642,4.828158257734083,0.0,5.95800428374282,0.455,0.0,0.545,1.0,0.022711342268453692,0.0,0.04660432086417283,0.00298497699539908,0.0,0.00410118023604721,0.5530905962632997,0.0,0.6928556914170237,0.023381618326167655
25.0,1.2772957869317887,0.6227227113435962,3.565531080271307,0.0,0.291091010812884,0.9125,0.0,0.0875,1.0,0.04021764352870574,0.0,0.008754150830166032,0.003029625925185037,0.0,0.0036827965593118623,0.039417900531824784,0.0,0.5605088880626492,0.01630797073042519
26.0,15.318273810175523,0.6122510250188913,5.200509410322228,0.0,6.592113914815515,0.60625,0.0,0.39375,1.0,0.02081956391278256,0.0,0.0553380676135227,0.009044208841768353,0.0,0.002661752350470094,0.5370370165223739,0.0,0.5320055867559961,0.02002887758448981
27.0,1.7135147727027051,0.2510962360405316,3.4772318902850277,0.0,2.850134859740425,0.67375,0.0,0.32625,1.0,0.01695759151830366,0.0,0.01465533106621324,0.0007246249249849969,0.0,0.003455271054210842,0.16534520439137937,0.0,0.8139025118885923,0.013201797414534843
28.0,1.606432885957746,0.4022399540669751,3.6228048389395475,0.0,3.112728828344723,0.955,0.0,0.045,1.0,0.046226245249049815,0.0,0.011362472494498899,0.0023636127225445088,0.0,0.0015683136627325464,0.18140035386106332,0.0,0.671131752155651,0.03711728166404299
29.0,9.88855160463853,0.5202322692695385,4.196732510895647,0.0,6.555684339070901,0.325,0.0,0.675,0.0,0.0241620324064813,0.0,0.034023004600920184,0.005433226645329065,0.0,0.004010922184436888,0.4046606269331589,0.0,0.8059312539586424,0.01844599003405601
30.0,0.1676220542101948,0.36660515554373974,4.380752534136089,0.0,6.014867014385797,0.87,0.0,0.13,0.0,0.027935787157431488,0.0,0.009828165633126624,0.005669493898779755,0.0,0.0020496899379875977,0.12361461620931911,0.0,0.515072408773457,0.010166578107320906
31.0,16.48930935815774,0.20135561701755383,6.948756006790468,0.0,7.121938624674829,0.49,0.0,0.51,0.0,0.029523704740948193,0.0,0.051903580716143226,0.005658331666333265,0.0,0.0025658531706341265,0.039108456853549835,0.0,0.583697427374676,0.021271756322304512
32.0,14.135177639696492,0.619644763293316,7.783041334382145,0.0,6.023534307192352,0.3,0.0,0.7,0.0,0.042707341468293664,0.0,0.0109375875175035,0.0007432286457291458,0.0,0.0029259451890378077,0.95067512970418,0.0,0.5876614811151076,0.013918936391147604
33.0,15.847844792544654,0.3027165429738784,6.4084786628469805,0.0,6.048923573730468,0.69125,0.0,0.30875,0.0,0.032160432086417286,0.0,0.040950990198039605,0.005476015203040608,0.0,0.0014113022604520904,0.7523228185053908,0.0,0.6318140057294752,0.014219992262897111
34.0,3.89591942324122,0.5829680711416666,7.036269728121922,0.0,2.6297914869390344,0.41875,0.0,0.58125,0.0,0.016134226845369075,0.0,0.04208401680336067,0.0031840368073614723,0.0,0.004031606321264253,0.514225390421861,0.0,0.764832866032324,0.022159299732184445
35.0,1.2222108877080404,0.5049617027146532,6.383685399870845,0.0,5.8997431027243685,0.82625,0.0,0.17375,0.0,0.029455091018203643,0.0,0.00495379075815163,0.004705821164232846,0.0,0.001879515903180636,0.4820083293209606,0.0,0.7888849326490252,0.03513849534543117
36.0,15.037764770547795,0.28232140008862394,7.6344528401658,0.0,3.800647825359188,0.3925,0.0,0.6075,0.0,0.02124104820964193,0.0,0.05530266053210642,0.00852888577715543,0.0,0.0036583516703340667,0.7643614234980203,0.0,0.6634600282969608,0.03004474558464266
37.0,3.38357725938622,0.3370245300523781,3.8599120028908134,0.0,4.370865596133175,0.40875,0.0,0.59125,0.0,0.025063812762552512,0.0,0.010500900180036007,0.003943068613722744,0.0,0.0011856571314262851,0.691294161422134,0.0,0.8370903683008577,0.02209477718523096
38.0,11.08407514912483,0.5365722494952926,7.618641643730967,0.0,1.0836432811182108,0.545,0.0,0.455,0.0,0.0036073214642928586,0.0,0.011291658331666333,0.0004623124624924985,0.0,0.0026542308461692337,0.5414811829156317,0.0,0.6789092211021958,0.00936726093603677
39.0,17.949642547369923,0.5527996008329519,7.886407449835589,0.0,3.0017444843855903,0.5975,0.0,0.4025,0.0,0.014154230846169236,0.0,0.040160232046409276,0.008813522704540907,0.0,0.0007860772154430885,0.9166038550759011,0.0,0.5560166007073669,0.0328272261430866
40.0,10.356776632629066,0.6025823162090984,7.189889527761998,0.0,5.718078146716771,0.43125,0.0,0.56875,0.0,0.044011002200440096,0.0,0.01721644328865773,0.007010822164432886,0.0,0.00499247849569914,0.060557511588591316,0.0,0.8991702404703317,0.011592279499348069
41.0,2.8120327460779397,0.6160414879188387,2.03631490493863,0.0,3.360290768432585,0.695,0.0,0.305,0.0,0.015154030806161234,0.0,0.05791098219643928,0.004817443488697739,0.0,0.001698999799959992,0.1581930529139228,0.0,0.8915310411172683,0.027417469837834725
42.0,4.154090803475131,0.3168650309869236,4.103500353445783,0.0,1.183232482391762,0.5275,0.0,0.4725,0.0,0.022476095219043812,0.0,0.023459891978395677,0.0036082016403280654,0.0,0.002973894778955791,0.4177478783918347,0.0,0.8782930682217062,0.02113318651983703
43.0,13.467969887640182,0.5631074943808678,4.885447190438604,0.0,1.357111585646493,0.58375,0.0,0.41625,0.0,0.03415023004600921,0.0,0.017405281056211242,0.007723344668933786,0.0,0.0011659131826365272,0.30652237656334624,0.0,0.8378428164808365,0.024932728067658817
44.0,13.99433187076922,0.3053015536833559,7.88392836992421,0.0,1.0976022800110845,0.185,0.0,0.815,0.0,0.02292698539707942,0.0,0.05675435087017403,0.00044370874174834966,0.0,0.0017272054410882175,0.6590059846516141,0.0,0.6463885427388241,0.018447102629857076
45.0,16.621128413458944,0.39121443734585415,3.2273525583051126,0.0,7.15067617170263,0.425,0.0,0.575,0.0,0.018614122824564917,0.0,0.033468293658731746,0.003822144428885777,0.0,0.0013229245849169834,0.1376957072388739,0.0,0.8140810546692576,0.03364056042442546
46.0,17.60547664617848,0.3510660460215721,5.453301834918286,0.0,1.0078633674508446,0.81375,0.0,0.18625,0.0,0.04489317863572715,0.0,0.01724004800960192,0.004294678935787157,0.0,0.0029898779755951187,0.6503921092723459,0.0,0.6592687650193363,0.033194274697615316
47.0,10.653796302419048,0.678172051479365,7.29564899228481,0.0,0.19652731799110584,0.9075,0.0,0.0925,0.0,0.016202840568113625,0.0,0.010229445889177836,0.007773574714942988,0.0,0.0034392878575715143,0.7935978010020697,0.0,0.7651930934649573,0.027256882743959154
48.0,7.1331128489149656,0.43657788196036684,7.931332591514279,0.0,1.129185241252339,0.5525,0.0,0.4475,0.0,0.01802600520104021,0.0,0.04365373074614923,0.007950310062012403,0.0,0.0017196839367873574,0.3755102443175459,0.0,0.8126212654624185,0.014374162251769462
49.0,2.612749200882955,0.36066610340002647,3.730369338989676,0.0,5.7071960666634505,0.8875,0.0,0.1125,0.0,0.04456971394278856,0.0,0.032724744948989797,0.007542888577715542,0.0,0.003402620524104821,0.7765613256519759,0.0,0.5756643488615156,0.01588372581908811
50.0,16.432176790303224,0.5636164172604801,3.6824921392133527,0.0,2.699620289623482,0.835,0.0,0.165,0.0,0.03734566913382677,0.0,0.039393078615723144,0.0064880576115223035,0.0,0.001003260652130426,0.35373902924745476,0.0,0.5957285691480367,0.03301695219543759
51.0,12.364868934789262,0.37203920905621524,5.092791295596763,0.0,3.141179579936337,0.60375,0.0,0.39625,0.0,0.009988397679535906,0.0,0.026339667933586716,0.004197939587917583,0.0,0.0015589117823564711,0.6706204663479816,0.0,0.5475616166231078,0.03927495561496193
52.0,17.121927683586488,0.2898889852832218,5.065716257824974,0.0,3.215465178659141,0.42875,0.0,0.57125,0.0,0.014948189637927586,0.0,0.048504500900180034,0.004629545909181835,0.0,0.00203370674134827,0.8950007432673145,0.0,0.7979535345812122,0.023388469654056766
53.0,1.58616139737754,0.5375927401735588,4.662196984833081,0.0,6.849934871111739,0.27625,0.0,0.72375,0.0,0.033856171234246855,0.0,0.03263032606521304,0.0033533306661332266,0.0,0.0005933386677335467,0.6917698511671312,0.0,0.8577971155727535,0.029828051132099936
54.0,17.843195342947595,0.23163179545561646,5.247258631091999,0.0,6.1564881337717665,0.18875,0.0,0.81125,0.0,0.04458931786357272,0.0,0.027755951190238045,0.003550530106021204,0.0,0.003494758951790358,0.34810395214920187,0.0,0.668835102950711,0.020894542189183747
55.0,17.506673841069144,0.5957449312226751,3.9486027347189605,0.0,6.312848080240101,0.535,0.0,0.465,0.0,0.01994718943788758,0.0,0.01871534306861372,0.0015617923584716944,0.0,0.003388517703540708,0.9652515051086585,0.0,0.6878876338523788,0.024540633894342703
56.0,16.256059573243412,0.6088931696801549,5.954198955948009,0.0,4.439396125131479,0.0675,0.0,0.9325,0.0,0.04799059811962393,0.0,0.038413482696539304,0.005985757151430285,0.0,0.0016444688937787557,0.6419848055684234,0.0,0.5354792429165582,0.025147500629988842
57.0,18.563503148218928,0.6181054644740396,6.016645658197176,0.0,2.872940221238501,0.87,0.0,0.13,0.0,0.04317783556711342,0.0,0.04914182836567313,0.0007376475295059011,0.0,0.0020731946389277857,0.6223096736951269,0.0,0.6120734481772548,0.01420875451047969
58.0,15.994396403999644,0.41666456725950096,3.024205021164126,0.0,3.645830214481154,0.8725,0.0,0.1275,0.0,0.020652930586117224,0.0,0.014926785357071412,0.008886077215443088,0.0,0.0023524304860972193,0.8278633803055465,0.0,0.6820683078206387,0.01520860626700045
59.0,5.918218915743665,0.4310455743106031,6.829249620432367,0.0,7.769185859794309,0.73375,0.0,0.26625,0.0,0.03431686337267454,0.0,0.02322384476895379,0.0013813362672534506,0.0,0.0035013402680536105,0.44220098645619565,0.0,0.8779760016155693,0.026939796237269317
60.0,3.732603248006483,0.599435187542926,7.867543816078696,34.04993423544869,7.011510324191296,0.22875,0.3975,0.37375,0.0,0.03301320264052811,0.0024582916583316666,0.025289257851570313,0.007628465693138626,6.936443288657731e-05,0.0029898779755951187,0.4614257117111832,0.032204627578564335,0.5448184154268871,0.03159214441114485
61.0,11.284830854752386,0.23422607862376404,5.0556578927100535,64.3124538049799,6.062741296676542,0.44,0.06875,0.49125,0.0,0.015056011202240448,0.005866373274654932,0.01227125425085017,0.0054592718543708734,0.0014280182436487297,0.0029926985397079413,0.751634442908201,0.0,0.7372484153932621,0.017369897429640777
62.0,10.444931480405197,0.5909261410688393,8.053178374779234,20.35848725126833,6.170838230384972,0.38625,0.11375,0.5,0.0,0.03821804360872175,0.009947789557911584,0.054228645729145826,0.0026501100220044007,0.00085555175035007,0.0009242848569713943,0.38203496228923056,0.0,0.6116796405551113,0.020550595322351296
63.0,7.095551612025125,0.3939455738212915,7.233278514411026,95.54518221791268,4.266553466484477,0.3575,0.56375,0.07875,0.0,0.04131546309261853,0.004453090618123625,0.031839567913582716,0.0055243848769753945,0.001112988197639528,0.0019190038007601518,0.8053037024703474,0.0,0.6345356858795868,0.0313022440864718
64.0,3.9595694182196572,0.5059716905620528,8.104995746940295,8.23843327067744,6.51827128406974,0.5,0.34,0.16,0.0,0.02849449889977996,0.006725145029005802,0.02865293058611722,0.004897439487897579,0.0009589426685337068,0.0010314662932586517,0.11952564849343945,0.0,0.6168971206406937,0.017429001673128282
65.0,2.337209773888641,0.6334334407627151,6.398256153304205,91.39401573642202,4.363116482064716,0.14375,0.765,0.09125,0.0,0.011292058411682338,0.005657531506301261,0.013498699739947988,0.0024845369073814762,0.0007528547309461893,0.0033875775155031004,0.17807762871423555,0.0,0.5358337145298621,0.019442859192223466
66.0,5.725943701201308,0.3242322068717646,8.172211485126251,87.17905138794589,1.7102429688355876,0.2525,0.175,0.5725,0.0,0.0345619123824765,0.009364472894578917,0.04431466293258651,0.0030482296459291855,0.0004322734946989398,0.0011612122424484897,0.44715734622528464,0.050539149761994695,0.7871512700415637,0.009397271639405945
67.0,2.4801532668541717,0.2854301861619827,6.8804031255691,88.86881156132172,5.605540090447615,0.15125,0.77125,0.0775,0.0,0.023132826565313066,0.005898779755951191,0.026788157631526303,0.0024752350470094017,0.00011238615723144629,0.0018475495099019802,0.6106156328340043,0.0,0.5737329869930636,0.010491349035654459
68.0,1.8531722632907521,0.5210647923527665,3.7631868757210594,77.56549821582398,2.57600486091472,0.2225,0.5075,0.27,0.0,0.028269053810762154,0.007542508501700341,0.05527905581116223,0.002393378675735147,0.0010179240648129626,0.003289797959591918,0.7294795280505618,0.0,0.8240970683457447,0.013568998590497105
69.0,6.134841005676627,0.2691777874938293,4.2672812217406095,38.83686039742114,1.0043165293405116,0.18,0.515,0.305,0.0,0.025426485297059414,0.009107021404280859,0.05040468093618723,0.003956091218243648,0.0016327183836767354,0.0017309661932386475,0.8107251042762594,0.0,0.8285560594614221,0.013195328121265705
70.0,4.827695775884098,0.3968915882254137,8.331505797033609,31.0212197761555,5.813027769050294,0.1225,0.28625,0.59125,0.0,0.013987597519503903,0.00769733946789358,0.05100660132026405,0.003314262852570514,0.0017694164432886577,0.003166633326665333,0.9359912810541743,0.08166620748199573,0.8135459717781057,0.03780831872021634
71.0,15.865456574865695,0.2758929874060188,2.420271349744359,60.48442503757709,4.379777052158221,0.28,0.0625,0.6575,0.0,0.018682736547309464,0.0010216043208641729,0.008341068213642729,0.0026575515103020603,3.25877975595119e-05,0.0019058411682336465,0.48455235029961996,0.0,0.7756340976840896,0.015025199727764327
72.0,12.625979896505514,0.4711521400626651,7.88392836992421,76.90016458265451,4.97719959969515,0.4625,0.3,0.2375,0.0,0.016438087617523505,0.008984596919383879,0.04968473694738947,0.005159751950390077,0.0020421186637327466,0.004482896579315863,0.5042721456727155,0.07895495898772673,0.6112499347588545,0.030298254922351178
73.0,11.802575770203259,0.2823169463603762,4.2672812217406095,24.710189538566514,1.2412703386217196,0.245,0.5975,0.1575,0.0,0.004597319463892779,0.0097371474294859,0.03703260652130426,0.00210502100420084,0.0018422758151630325,0.0010559111822364472,0.6521935882148342,0.0,0.6050495013002966,0.020476285581256158
74.0,14.48404726346159,0.5006497568760003,5.864408173717006,76.31247509438091,6.9189885997799285,0.37375,0.1,0.52625,0.0,0.048402280456091226,0.0025627125425085016,0.05095939187837567,0.0014817963592718543,0.0005342766153230646,0.0016999399879975995,0.37001136231488524,0.05307970005361311,0.7387350819764509,0.010113140078955115
75.0,13.951186432312213,0.5097026403634841,5.029475784598961,2.170494981202742,3.057333609712626,0.5175,0.15375,0.32875,0.0,0.01715363072614523,0.00748489697939588,0.03097799559911982,0.0027821964392878576,0.0011622550110022005,0.0008923184636927385,0.15212433420169746,0.0,0.6034047138948972,0.023910246306822015
76.0,18.916116781269547,0.36210414693826376,7.574178024645115,27.69342275716583,5.591704194408643,0.63375,0.245,0.12125,0.0,0.01492858571714343,0.00777115423084617,0.01884516903380676,0.007206161232246449,0.000727180476095219,0.0017356671334266853,0.8706186289412955,0.07275583625268411,0.7953401165631182,0.03492961023890136
77.0,8.684614806962367,0.407485686295752,3.5876391692533374,38.644370296819226,7.406141875887125,0.51625,0.0525,0.43125,0.0,0.019780556111222248,0.009501300260052012,0.03547469493898779,0.00701640328065613,0.0017472116823364675,0.001439507901580316,0.716768331584706,0.0,0.8325097484569526,0.029219035486090603
78.0,10.098336474663782,0.3346080642509115,5.161719692287988,79.72229096331708,2.9729952686126615,0.19625,0.24875,0.555,0.0,0.03854150830166034,0.009105221044208842,0.05772214442888577,0.0010687937587517504,0.00042186501300260057,0.003428005601120224,0.661220359779603,0.0,0.5474844328316028,0.018919801995422494
79.0,12.87404646504742,0.6904598594707672,6.448927059936155,60.15987276543705,2.809267274323805,0.27375,0.54,0.18625,0.0,0.04965693138627726,0.008734346869373875,0.0333384676935387,0.007399639927985596,0.002178816723344669,0.00280372074414883,0.919749264829384,0.0,0.766879928311748,0.024263216508780237
80.0,2.667670137775704,0.2659751543155539,4.302790052435007,88.28795776160977,2.846583268062151,0.19625,0.56,0.24375,0.0,0.023064212842568516,0.00327745549109822,0.026481296259251847,0.004930926185237047,0.0006897099419883977,0.0007456491298259652,0.491137589740676,0.08842008530932713,0.595687216849041,0.016241261589286887
81.0,0.5547905984172726,0.3290961540519184,7.036269728121922,2.364022214145665,5.657685457808294,0.14,0.59375,0.26625,0.0,0.03886497299459892,0.0063128625725145035,0.02558431686337267,0.0012287857571514303,0.001151846529305861,0.0018080616123224643,0.40691080751673764,0.019921258965261222,0.5235466903308121,0.030711786570484262
82.0,8.492692217540386,0.6779057338766383,8.22832650683678,13.824929928317715,2.910569085381431,0.06375,0.43875,0.4975,0.0,0.04952950590118024,0.007783756751350271,0.0308127625525105,0.001959911982396479,0.0010435983196639327,0.003806901380276055,0.9285724368547887,0.0,0.7093875054204963,0.01913180901035972
83.0,17.69901659674195,0.2168649133136374,7.7450248877949806,11.345475971139413,6.906046661241997,0.1,0.795,0.105,0.0,0.03958051610322065,0.0037707541508301664,0.0130502100420084,0.005792278455691137,0.00019010282056411282,0.003443048609721944,0.4849149684826287,0.0,0.577580438565996,0.02910512438442609
84.0,10.322595239236659,0.5132161662877286,7.425684390716324,73.33024956532493,4.280604628076132,0.37625,0.53875,0.085,0.0,0.017545709141828368,0.004908581716343269,0.015965393078615723,0.006569913982796559,6.797663532706541e-05,0.004240328065613122,0.9714309948995306,0.0,0.5303952338310063,0.02033069895574457
85.0,17.036133400399326,0.21844126832492544,7.844986810838801,32.204567717346904,7.325189846799605,0.6225,0.265,0.1125,0.0,0.014389477895579116,0.008116823364672936,0.052316663332666526,0.000929265853170634,0.000999188797759552,0.0034308261652330465,0.6533173832737323,0.0,0.5371497838116885,0.017387265794232838
86.0,11.25453500362278,0.3742125253597095,6.131117714741861,47.69438063570356,0.7177818344962045,0.115,0.21,0.675,0.0,0.022368273654730948,0.007504700940188038,0.03854330866173234,0.002519883976795359,0.0014176097619523907,0.0008161632326465292,0.6363614313615066,0.03263480735336549,0.8082653919361149,0.0385119090164385
87.0,10.285356117474846,0.4977923103234921,2.204305718131224,91.15681317759287,7.450038707066656,0.21125,0.38625,0.4025,0.0,0.04593218643728746,0.008896379275855171,0.014053410682136426,0.008407961592318464,0.0012212364072814565,0.0015166033206641327,0.25514438670016426,0.09028441493166929,0.8774553630526298,0.010154998360852388
88.0,1.5664797930839747,0.5661618470851981,8.295467001244297,80.65811107258487,6.860744225748543,0.12125,0.695,0.18375,0.0,0.018800360072014403,0.007945789157831567,0.05637667533506701,0.0015710942188437687,0.0012843811962392477,0.001486517303460692,0.03424806452581544,0.034490276130632706,0.6478615945321576,0.02326951658159065
89.0,11.455763169508094,0.3900815992843256,3.2562471792434975,20.181369237162222,0.8634475597393874,0.06875,0.26,0.67125,0.0,0.03361112222444489,0.005167833566713343,0.012318463692738545,0.0027989397879575914,0.0012538496499299862,0.004797859571914383,0.24682741130639466,0.029815162693844113,0.8213850402525953,0.03713768171861634
90.0,14.173714148286356,0.4514292796866712,6.625431980014288,13.995749113724136,1.370278373144118,0.25625,0.53,0.21375,0.0,0.04956871374274856,0.0052002400480096024,0.028806361272254447,0.005550430086017202,0.000757018123624725,0.004009041808361672,0.9855242994499909,0.0913602811355145,0.7435419646071594,0.035319074921345214
91.0,14.929233150425418,0.29915197682099853,2.825670436476826,67.00450603064422,1.7084274663635324,0.51,0.33875,0.15125,0.0,0.010792158431686339,0.0020298059611922386,0.03182776555311062,0.0016510902180436086,0.00018802112422484498,0.0034449289857971595,0.9141254414734205,0.02503056509577052,0.5962461652309142,0.019304890719885538
92.0,17.8788891803773,0.5876591812563317,6.531313944970487,78.61722065012866,6.060196800370063,0.15125,0.78375,0.065,0.0,0.01692818563712743,0.004546709341868374,0.021724944988997796,0.005816463292658531,0.00044060028005601124,0.0036433086617323465,0.7180881781476758,0.0,0.8246176570841115,0.01738579358343937
93.0,17.05160064556961,0.3728945235694917,4.753897596504266,70.65022671801573,6.894378980791085,0.4525,0.16625,0.38125,0.0,0.020613722744548913,0.008264452890578117,0.05965773154630925,0.0034593718743748747,0.0005724410482096419,0.0025705541108221644,0.3160794086122647,0.08764829047456336,0.8214408893354543,0.020249525500354755
94.0,15.768686297785333,0.6548023705560803,6.369393663638153,50.15306363971024,6.018708301699405,0.10125,0.3475,0.55125,0.0,0.034728545709141835,0.0073174634926985406,0.004422684536907381,0.009326985397079416,0.0012975652730546111,0.0008199239847969594,0.1600769514212428,0.09669381611576264,0.8439152917085937,0.031360063622405086
95.0,10.88217877869876,0.20323534037923385,4.405875979708597,17.589253627561188,6.01640598831996,0.33875,0.39125,0.27,0.0,0.03217023404680936,0.006584716943388679,0.0513134626925385,0.0009664732946589317,0.0008791443088617724,0.0032127025405081014,0.6351376965455743,0.06529652628744166,0.8083788108441599,0.01827260941346915
96.0,13.98959659036618,0.27826436746797995,2.91278538084113,98.4374668759708,3.53782197889419,0.24125,0.68875,0.07,0.0,0.01635967193438688,0.007322864572914584,0.027307461492298457,0.007334526905381075,0.0009485341868373675,0.0011574514902980596,0.0425992016370177,0.06678563206087022,0.8109642934821137,0.033303712596779014
97.0,5.030072584978034,0.3097120386740539,5.770664329612929,33.43415341384966,5.002221630432544,0.1075,0.215,0.6775,0.0,0.0472750550110022,0.0034898979795959196,0.02106401280256051,0.0014148229645929186,0.0006737502700540108,0.0007390678135627126,0.19574914977655186,0.0,0.8452441302725346,0.030160987547838393
98.0,15.768845680833747,0.6697703421442089,6.220615881825751,17.560422869123485,3.6532563758123873,0.13625,0.50625,0.3575,0.0,0.03317983596719344,0.0027679535907181438,0.029384676935387075,0.0023357071414282855,0.0005453789957991598,0.002443628725745149,0.5554954209225742,0.0,0.818706525549447,0.019091676300893562
99.0,9.967131271508485,0.29981616350863166,7.916270346815785,50.15984582596765,1.147715821908622,0.27,0.5,0.23,0.0,0.044902980596119225,0.009540908181636328,0.027885777155431085,0.007929845969193838,0.002334943948789758,0.0014188237647529505,0.4881790951053946,0.0,0.8929745546285284,0.03454160641910762
100.0,4.594790953404175,0.24133499523481072,4.028740790484154,36.7513993173329,0.8869069274315053,0.28,0.3175,0.4025,0.0,0.02044708941788358,0.002773354670934187,0.03231166233246649,0.006886177235447088,3.7445089017803564e-05,0.0023308061612322462,0.6219715333264626,0.0,0.5221925124039228,0.0371276186129837
101.0,17.550476142518463,0.32296972391539464,4.503853988311662,76.07528139941859,7.614167505841654,0.3375,0.3775,0.285,0.0,0.011537107421484297,0.00476995399079816,0.011032006401280256,0.003922604520904181,4.230238047609522e-05,0.004353150630126025,0.03190476864276974,0.02357940569802005,0.7927334321088026,0.03970324931420039
102.0,0.403274079197119,0.3528227630098566,2.917813820521638,40.251446842934264,0.7984816408261979,0.4225,0.3125,0.265,0.0,0.03833566713342669,0.00834726945389078,0.023318263652730545,0.004311422284456891,0.0002671255851170234,0.004830766153230646,0.46190078667274986,0.0,0.5184169309238396,0.016134447048162446
103.0,7.070158121384359,0.28602138272392835,7.7288957120024095,56.406950818689744,6.581297911577244,0.5525,0.235,0.2125,0.0,0.036365473094618926,0.008683936787357472,0.04491658331666333,0.009072114422884577,0.0007410584516903381,0.001178135627125425,0.907627901785222,0.0,0.7292024486927415,0.011654342534017124
104.0,18.00280916781303,0.6593238009737159,2.4232517289315574,14.387014246734857,8.000679856449432,0.1925,0.23375,0.57375,0.0,0.023358271654330867,0.007657731546309263,0.029337467493498696,0.00123250650130026,0.00016720416083216644,0.00171874374874975,0.2327942589221103,0.012219371586702986,0.6142940076836438,0.026753035744299457
105.0,18.93485689046418,0.4805997778614547,5.238340030950454,48.404362056255145,3.633744218384336,0.065,0.67125,0.26375,0.0,0.019986397279455892,0.007702740548109622,0.036442488497699536,0.0012901780356071213,0.0014599375875175035,0.0012956591318263651,0.7552391111841772,0.0,0.7574545512858959,0.013726537998383765
106.0,4.330234699322952,0.4323557996584586,2.955260943145977,64.85842079858249,2.739352660660699,0.12375,0.7,0.17625,0.0,0.03876695339067814,0.007234646929385878,0.023247449489897976,0.004906741348269653,0.0012455228645729148,0.004856151230246049,0.5290184454105428,0.0,0.8173240412695186,0.027219110754535585
107.0,14.250069919310128,0.589709202009581,2.9830148578126154,60.83409680359313,7.409529999017709,0.3625,0.0825,0.555,0.0,0.0281122224444889,0.008086217243448691,0.05942168433686737,0.006720604120824164,0.00036080192038407684,0.0042055411082216445,0.6204475883101637,0.0,0.8948880654680009,0.015002735761476173
108.0,6.747970769566589,0.42246508192292953,3.1138154357290304,49.39027744655606,7.144000447316786,0.32625,0.30375,0.37,0.0,0.02135867173434687,0.0020028005601120226,0.021689537907581515,0.006309461892378475,0.0003045961192238448,0.004874014802960592,0.9883139251396506,0.09614690330698458,0.5261800648757711,0.03759039404269275
109.0,10.205750676033515,0.44093368358125073,2.3480206467974516,74.830843203364,0.2601730428472853,0.64625,0.255,0.09875,0.0,0.011194038807761552,0.0064982996599319874,0.01256631326265253,0.00703128625725145,0.0008867771954390879,0.0013229245849169834,0.10310795152047313,0.0,0.775038358873059,0.035268541322095
110.0,9.393998003412973,0.58796963941275,7.4284196647936795,18.493502431395232,3.7300462880862333,0.4875,0.405,0.1075,0.0,0.01829065813162633,0.0025159031806361275,0.040443488697739546,0.0012920384076815362,0.00010683496699339869,0.003852970594118824,0.6997426018934987,0.0,0.502515398672937,0.02760332205957563
111.0,10.698201713959234,0.6134344344552183,7.838116602319008,64.16857645726299,6.325713386965129,0.08625,0.56125,0.3525,0.0,0.01710462092418484,0.006059011802360473,0.02458111622324465,0.0022687337467493496,0.00026365609121824365,0.0011029205841168233,0.5709375635898675,0.0,0.5822676810538651,0.03071967542064956
112.0,8.633641442083226,0.3989364371968097,3.5168465356743406,54.6044803847963,5.77363961297764,0.235,0.6675,0.0975,0.0,0.03285637127425486,0.007643328665733148,0.01459631926385277,0.009375355071014203,0.0013051981596319266,0.003272874574914983,0.3755190582393646,0.0,0.5990076205081487,0.031234548218829955
113.0,1.8055142302483982,0.6777015716271193,6.279419229989531,43.852677916021385,8.1071356957313,0.21,0.22625,0.56375,0.0,0.037286857371474295,0.005985197039407883,0.03078915783156631,0.005312302460492097,0.00025949269853970796,0.0038971594318863772,0.14691531374319933,0.0,0.5934750545132391,0.033633901400750774
114.0,8.747920482565327,0.40000979217252997,4.116311257031704,51.10725068013755,5.738529800194092,0.58375,0.14625,0.27,0.0,0.028161232246449293,0.009101620324064814,0.03391678335667133,0.005996919383876775,0.0006841587517503502,0.0016726745349069812,0.9275365248936889,0.04230583473199064,0.5905110287111304,0.010846172537818647
115.0,16.775750025025623,0.5394170723087897,6.817766194379009,99.46434605787532,1.9460066670186649,0.14625,0.74375,0.11,0.0,0.00700860172034407,0.007650530106021205,0.025784956991398277,0.0009088017603520704,0.0007459157431486298,0.0028197039407881577,0.4589049085450566,0.07957094643437324,0.7146412716188482,0.03893517230108879
116.0,6.0904984188272495,0.5887205836003202,4.888482689525983,68.75885441784949,5.578381816666102,0.6575,0.28,0.0625,0.0,0.026788957791558314,0.007961992398479696,0.045530306061212236,0.003139387877575515,0.0010095972794558913,0.00410118023604721,0.8235408200972416,0.0,0.5644747091034936,0.03351193414590898
117.0,14.416512947421474,0.4967440413830504,4.288918750519786,39.97295023635645,6.964791185809933,0.19,0.7275,0.0825,0.0,0.018457291458291662,0.00724364872974595,0.048598919783956786,0.0010780956191238247,0.0009388196039207842,0.004643668733746749,0.7243439195238357,0.0,0.7006387512728409,0.027827349934677545
118.0,9.37422413309328,0.6488762236475474,6.675521746452819,95.88819444912342,2.411959190004817,0.4625,0.09125,0.44625,0.0,0.027965193038607724,0.009045809161832369,0.05825325065013002,0.0040565513102620515,0.0002345123424684937,0.0019791758351670333,0.7055260598594423,0.09057555175085255,0.8849615198771452,0.025253204665291233
119.0,2.0495009755339892,0.5141464419235648,8.306969155897251,89.87326424421596,6.029662556556337,0.13125,0.3475,0.52125,0.0,0.022407481496299262,0.0057799559911982405,0.04174174834966993,0.004854650930186036,0.0002775340668133627,0.003132786557311462,0.17077543391010613,0.0501798461114915,0.7287236201624108,0.02916273692836345
120.0,8.219267052875683,0.29114766155851673,6.506544207166338,89.39116252247662,0.8698487559749428,0.52875,0.4,0.07125,0.0,0.04808861772354471,0.009504900980196039,0.04674594918983797,0.009105601120224044,0.0012233181036207241,0.0033086017203440687,0.1412413683051443,0.0,0.8759170348435084,0.03689987891921506
121.0,11.157679037573203,0.5336126327779854,3.30993429165714,43.62889022397022,1.619724927151404,0.10375,0.265,0.63125,0.0,0.0391492298459692,0.005356871374274856,0.010312062412482496,0.006759671934386876,0.00046905013002600525,0.0014329265853170632,0.07304446987311278,0.038564543463766594,0.5381472067807105,0.023514908068329447
122.0,9.158410760777818,0.5691899035106873,2.39539510956087,14.07173199181658,1.8758251762777276,0.335,0.46875,0.19625,0.0,0.032131026205241046,0.007965593118623725,0.032229045809161826,0.003264032806561312,0.0009873925185037008,0.0008753950790158032,0.8516997065082782,0.0954527124853387,0.6674045894384769,0.01719366373216081
123.0,8.470707226308962,0.5083135812287541,6.707646524114417,9.911800758015431,0.32410460264884483,0.56875,0.0875,0.34375,0.0,0.040227445489097825,0.007650530106021205,0.019069413882776554,0.0011469293858771754,0.0010401288257651533,0.00039871974394878974,0.6080733003004367,0.0,0.8531073699379685,0.01680253081522477
124.0,10.447823445656528,0.39257325888029626,6.3471480116484695,49.47640738668986,6.135556642306334,0.1325,0.06375,0.80375,0.0,0.0026565313062612526,0.004701540308061613,0.0077391478295659125,0.0010613522704540908,0.00011585565113022605,0.002885517103420684,0.2448959092935994,0.0,0.6728260891844449,0.030701850129265046
125.0,11.344313021103856,0.5938532899170809,2.30010713135204,20.77006620271553,3.537033834528975,0.2475,0.2375,0.515,0.0,0.03892378475695139,0.008608321664332869,0.017900980196039206,0.006999659931986396,0.0015293274654930985,0.001787377475495099,0.27406061718933944,0.0,0.6018784419761675,0.017560543571239172
126.0,5.139954627051454,0.3057691299991687,7.546765883070176,71.06411394548823,3.2061512603612163,0.21375,0.14375,0.6425,0.0,0.023564112822564515,0.0035133026605321067,0.052529105821164226,0.005234166833366673,0.00011585565113022605,0.0014564312862572514,0.031576128212087315,0.0,0.666434529530611,0.02113262061789914
127.0,11.282439993754735,0.655948793406901,6.832240521526939,25.224757503527467,1.1892952102034438,0.495,0.3625,0.1425,0.0,0.009410082016403282,0.006460492098419685,0.05907941588317663,0.0031803160632126425,0.00013875431086217242,0.003274754950990198,0.20491642745588917,0.0,0.5497338316352286,0.017950201664925787
128.0,4.764799000210784,0.6967053732507598,6.731807170465834,4.195576609376703,1.893585588761495,0.115,0.3225,0.5625,0.0,0.004391478295659132,0.007490298059611923,0.012153230646129224,0.001422264452890578,0.001681291298259652,0.0025009801960392077,0.559683129023611,0.0,0.7464869666385229,0.03701066627740134
129.0,9.676746968366142,0.43550845046683073,7.668558661907819,84.1980680055414,5.239685989689267,0.17875,0.38875,0.4325,0.0,0.04129585917183437,0.008527305461092219,0.009367873574714941,0.004940228045609121,0.0004988877775555111,0.0027078215643128625,0.5440839919830519,0.0,0.5297565838260334,0.022382786513621536
130.0,0.6455827099593655,0.3641585683520703,2.2789590117162297,86.70232382623051,3.2058250078535933,0.32875,0.165,0.50625,0.0,0.0308371674334867,0.007929585917183438,0.043016403280656125,0.0014520304060812162,0.0002927998399679936,0.004573154630926185,0.8539076938810564,0.053405964977902044,0.853528919585126,0.0368546234305342
131.0,1.9292946682939467,0.46630279297140437,2.2357445208331295,22.802123562473113,3.9577533970852317,0.68,0.1125,0.2075,0.0,0.014291458291658333,0.004130826165233047,0.04600240048009602,0.009038627725545109,0.0004884792958591718,0.0038783556711342267,0.4618169064164728,0.04569546584094743,0.6092362182466871,0.011549420197552913
132.0,0.6616261743702183,0.33103144932997375,3.4534824095894088,31.70195773487608,2.8479275581502517,0.24375,0.1825,0.57375,0.0,0.021466493298659736,0.0038553710742148433,0.034577715543108616,0.004856511302260451,0.000515541348269654,0.0026081616323264654,0.8132199348467063,0.041152926421874174,0.56088006855712,0.03917166320125401
133.0,10.583471133181483,0.5527015697209157,7.201427469136286,83.48738034398107,6.59394463518268,0.27875,0.11125,0.61,0.0,0.02427965593118624,0.006118423684736948,0.010548109621924383,0.00041208241648329666,0.0006112993798759752,0.0009477895579115823,0.4051210351761098,0.04824462676012444,0.6407365730121746,0.03982355350699736
134.0,15.622464481172056,0.4979140971856688,5.200912166259132,96.16558703012912,5.290643617666769,0.435,0.45375,0.11125,0.0,0.029219843968793763,0.007078015603120625,0.027283856771354267,0.007381036207241448,0.00122401200240048,0.004928545709141828,0.013302638259156657,0.07797958886648114,0.6562127400727364,0.031195713560726694
135.0,0.9180918083099842,0.2855474548304952,3.6068072360481853,10.148807457370475,6.826050466046482,0.50375,0.4225,0.07375,0.0,0.012987797559511904,0.007571314262852571,0.016543708741748347,0.001040888177635527,0.0004322734946989398,0.002516023204640928,0.12610657971598987,0.0867178759399612,0.8745350297281971,0.012656198211824012
136.0,1.8836257844156796,0.661785831526374,7.4363523069660955,74.72162323846226,1.1774826047519797,0.36125,0.08,0.55875,0.0,0.025210842168433688,0.0041380276055211045,0.0595633126625325,0.004503040608121623,0.0005682776555311062,0.004920084016803361,0.186797522641018,0.041716393291762494,0.8405825409744068,0.01782044303464054
137.0,7.698601597111038,0.4976596540433938,5.103293040233593,15.324441172746706,6.601950963525665,0.52125,0.0525,0.42625,0.0,0.04643208641728346,0.005742148429685938,0.01478515703140628,0.004640708141628325,0.000486397599519904,0.003640488097619524,0.6903552109249195,0.07942005247715549,0.819676173980068,0.0275152099358148
138.0,16.084051784328597,0.6154886953363625,7.161313376020946,98.72131843904556,0.9937404843289501,0.4975,0.19875,0.30375,0.0,0.03185657131426285,0.009494098819763954,0.02146529305861172,0.003851910382076415,0.001711128945789158,0.0027313262652530505,0.2632396093568026,0.023692863570711924,0.5338612087510649,0.03971024008324452
139.0,5.612409507703137,0.44371649808799596,2.0053569381391814,36.604317018450196,3.674058112471117,0.07875,0.2775,0.64375,0.0,0.02948449689937988,0.007520904180836168,0.010300260052010402,0.0028714942988597716,0.000727180476095219,0.0018372074414882975,0.5604951473165757,0.09567081969585146,0.6955612852620443,0.01418859788170928
140.0,9.620362520999606,0.5710706722880778,3.9781091688427788,88.46044038263605,0.6431758324380078,0.135,0.695,0.17,0.0,0.0352872574514903,0.009170034006801362,0.04309901980396079,0.001139487897579516,0.001881134146829366,0.004551530306061212,0.42412360265991844,0.05848837027597488,0.645827483733823,0.022905575458027544
141.0,8.341969822774773,0.5417967723958442,8.234394050041615,64.80719163205296,4.980347145802928,0.105,0.17125,0.72375,0.0,0.04928445689137828,0.0029371874374874976,0.011067413482696537,0.00432630526105221,0.00033235207041408283,0.0038125425085017003,0.19973871381914718,0.04800447884489864,0.5610472278297212,0.029227425549297463
142.0,6.24902467118672,0.20979300378991256,6.7008671097278185,98.38987653597279,2.462906577022763,0.27875,0.0725,0.64875,0.0,0.029082616523304666,0.00882976595319064,0.024817163432686536,0.00536625325065013,0.0017895395079015803,0.002575255051010202,0.4220170767748954,0.06090493704823741,0.7537299691562069,0.029599800573205486
143.0,8.196938731650617,0.4922631863214954,2.438425412617899,58.449090062588354,7.487988686840563,0.55125,0.0575,0.39125,0.0,0.029621724344868976,0.009476095219043811,0.03874394878975795,0.007074074814962992,0.002164244848969794,0.0019293458691738347,0.15723819659667115,0.09848127381658492,0.7292142917239655,0.024972649936927202
144.0,2.650227793130917,0.46704497229641967,6.7357897448451185,62.793224754230195,4.305031463571977,0.38625,0.23,0.38375,0.0,0.026965393078615726,0.009081816363272655,0.04235547109421884,0.0016585317063412682,0.0007646510102020405,0.0025423484696939385,0.5554665112338506,0.0,0.8063069063489283,0.03628724099328539
145.0,17.318888716972257,0.3934423088588398,5.2291767684007,82.06873905298136,5.282074264814343,0.46125,0.22875,0.31,0.0,0.04172714542908582,0.0071932386477295465,0.03730406081216243,0.008806081216243248,0.0004704379275855171,0.002589357871574315,0.5198598785291827,0.09812252466006932,0.7092486377891459,0.011224924046803635
146.0,13.871391938002018,0.651507647753133,5.069488186472937,63.21071266632708,2.213070984872619,0.225,0.07125,0.70375,0.0,0.01802600520104021,0.007871974394878977,0.01916383276655331,0.002343148629725945,0.0005884007201440288,0.0018221644328865773,0.09279096648980713,0.03786595179460458,0.822137681767318,0.015479065570999932
147.0,5.47567611791221,0.5261175775635889,3.0997269856293346,71.94967674350553,0.11717819675140002,0.22,0.69375,0.08625,0.0,0.03270934186837368,0.009380676135227046,0.05294218843768753,0.0025608121624324863,0.00013736651330266053,0.004749909981996399,0.3129545122512357,0.012710031140556582,0.5724456247883893,0.027685342305127127
148.0,18.138938615175245,0.3697818221022442,2.5231190654385274,39.677894404894,7.4708309198909415,0.6625,0.13875,0.19875,0.0,0.03597339467893579,0.005589117823564713,0.009674734946989397,0.008329825965193039,0.0006119932786557312,0.0023561912382476496,0.12285073555077015,0.012633485286124638,0.7920970199575281,0.016658317256852358
149.0,15.937093957071617,0.6275526928038263,7.864548479758365,28.134980706695305,4.502935945018264,0.81125,0.1075,0.08125,0.0,0.02445609121824365,0.008610122024404882,0.055574114822964586,0.0023375675135027005,0.0008728992198439689,0.0034176635327065412,0.2260848416553974,0.04378555349414336,0.7237173500102407,0.030040470421078373
150.0,17.77450209100189,0.656964209408065,5.601657834271508,39.63464228480527,3.696591722914715,0.07875,0.19625,0.725,0.0,0.007635927185437088,0.0073210642128425695,0.04806781356271254,0.00439141828365673,0.0004780708141628326,0.0049614522904580915,0.968838472250858,0.07598528166709581,0.8772080778452798,0.023501542847763242
151.0,17.513784368491166,0.6195618876106874,4.102205655619571,57.77609761159034,3.6675141607981,0.06,0.435,0.505,0.0,0.015173634726945391,0.0037815563112622527,0.03381056211242248,0.0006688137627525504,0.0006827709541908382,0.001783616723344669,0.6001927987353536,0.06893151429051822,0.7547235193837564,0.019916792636532538
152.0,8.302872546320351,0.44013678740656337,4.981567340326892,81.35141563161751,7.360889733924453,0.78125,0.1275,0.09125,0.0,0.020417683536707344,0.003750950190038008,0.004021404280856171,0.0034761152230446085,8.25485097019404e-05,0.0015993398679735947,0.07265506707888936,0.05672504151919492,0.5233424942744906,0.036334689385597425
153.0,13.941665150705646,0.36932798601170025,5.136416358143252,82.44070917293817,7.648504484859617,0.2775,0.50375,0.21875,0.0,0.009018003600720144,0.009708341668333668,0.02036767353470694,0.0035263452690538107,0.002392537547509502,0.003939467893578716,0.9915724946556479,0.058796710211849776,0.6994868015853202,0.03649474755699471
154.0,8.471683780876097,0.22644032241685796,8.02165383185709,82.18192403144555,5.306463125147003,0.6475,0.12375,0.22875,0.0,0.03596359271854371,0.006125625125025006,0.047808161632326464,0.0012883176635327066,0.0013905477095419085,0.0006008601720344068,0.5471019334786024,0.041922411435995004,0.6240498995847094,0.023196418910948965
155.0,5.1131416145819895,0.5933456809936036,3.6517775646422077,65.70662727045146,6.400879689090528,0.08125,0.60375,0.315,0.0,0.01951590318063613,0.002224244848969794,0.05144328865773154,0.0048230246049209835,0.00045794774954991,0.000801120224044809,0.10017950345083887,0.035913195298549486,0.6553720628760775,0.026279154252286586
156.0,5.5522968335473575,0.5441605080273089,6.325011809974328,47.62697880057323,4.164650475834303,0.58125,0.055,0.36375,0.0,0.02650470094018804,0.008440888177635528,0.04671054210842168,0.0006520704140828166,0.0005259498299659932,0.0013605321064212841,0.8119308096693267,0.0,0.6132364524633125,0.015407854748253326
157.0,4.017602503075875,0.45783170914635885,3.1557537434397234,65.07613312372995,3.7052346073000404,0.30125,0.21625,0.4825,0.0,0.03508141628325665,0.0018587717543508703,0.05667173434686937,0.005781116223244648,0.0003143107021404281,0.0011142028405681135,0.1149943678440042,0.0647784380228959,0.718002522664263,0.012021149099889878
158.0,1.344656057707816,0.26266596511790413,2.479396641559978,15.743425958316825,0.34702894622365654,0.77875,0.065,0.15625,0.0,0.025122624524904984,0.009841568313662733,0.017039407881576315,0.004612802560512102,0.0011095187037407483,0.0015391678335667132,0.6034810518712763,0.05165809631408107,0.638736240524401,0.025160493022352223
159.0,16.714208006811432,0.6355955231027413,2.8606874706901464,60.08232021897524,1.3821757051398318,0.2675,0.1975,0.535,0.0,0.04958831766353271,0.004910382076415283,0.056577315463092616,0.007687997599519903,0.0011879292658531705,0.0048928185637127425,0.9043156060965226,0.0,0.6941388932395152,0.029045075574313864
160.0,6.91173627566855,0.24980325292386313,6.014043002550995,15.875292432476938,6.800181440346895,0.85375,0.08,0.06625,0.0,0.02606361272254451,0.008757751550310063,0.05074694938987797,0.0012436687337467494,0.0017076594518903782,0.004372894578915783,0.32548890510899325,0.02196867877428628,0.5782430427038865,0.013123109937624642
161.0,0.10501372332815684,0.6842829036273297,6.386110002304356,67.95845159514917,1.7315359464903226,0.62,0.3075,0.0725,0.0,0.03484616923384677,0.0075335067013402686,0.015056611322264452,0.007462892578515702,0.0002074502900580116,0.0006074414882976595,0.38472470993904945,0.0,0.5443335752339008,0.016786783265740682
162.0,5.627317850855597,0.6862294690087894,2.8267047761573423,33.71008717637047,0.9725247913459077,0.2275,0.3175,0.455,0.0,0.017673134626925387,0.0037851570314062816,0.03861412282456491,0.0023319863972794557,0.0008055910382076416,0.004945469093818764,0.8647871858932683,0.0883164284692099,0.6320081223926954,0.022985160473274854
163.0,14.173313234687756,0.4674645288252598,5.507248546882349,70.59507063406816,3.7745086245371047,0.2925,0.5625,0.145,0.0,0.02347589517903581,0.005988797759551911,0.03612382476495299,0.0014185437087417484,0.000358720224044809,0.0036254450890178033,0.7017836651500382,0.0,0.8047732589350878,0.01577756060120554
164.0,13.067145824209996,0.32621661725423423,5.935211969073713,46.065088446080956,3.599891160677428,0.18125,0.74625,0.0725,0.0,0.038286657331466294,0.00803220644128826,0.013498699739947988,0.0048881376275255045,0.0010609457891578317,0.004890938187637527,0.29193910268822854,0.0,0.708580308595511,0.032871974529244556
165.0,0.40057435045127776,0.379175645992775,5.663373306944282,47.390535120976764,6.240677910594352,0.7425,0.12875,0.12875,0.0,0.019535507101420286,0.00784856971394279,0.02237407481496299,0.007265693138627725,0.0013718124424884977,0.0013577115423084615,0.561048968338643,0.060088248538051656,0.6688138381640037,0.034049715732510935
166.0,8.10586523730178,0.3338066015700001,3.4354070839700936,7.845186102686017,7.224175632682685,0.1025,0.54375,0.35375,0.0,0.005195239047809563,0.0018677735547109422,0.022751750350070012,0.0031431086217243447,0.0004544782556511303,0.0028554310862172433,0.19271975069248068,0.047439908726796154,0.6539798402811984,0.033817303558708225
167.0,9.293402720780826,0.5998949587827154,4.733300570743992,9.902344232745522,5.401389670931808,0.2225,0.12125,0.65625,0.0,0.03720844168833767,0.008766753350670134,0.008577115423084616,0.008173554710942188,0.0011456014402880577,0.003928185637127425,0.29371137537740666,0.0,0.8025235528646999,0.017075631101232606
168.0,17.08607985608858,0.5267818280138796,5.373998893719088,84.36491848957922,3.700183660420923,0.1125,0.2375,0.65,0.0,0.02917083416683337,0.009749749949989998,0.016248649729945986,0.0076675335067013396,0.0016459024604920983,0.0017394278855771153,0.5680620354330673,0.05808256113773494,0.5681175142657127,0.03190202991087358
169.0,8.910596797846374,0.5662615941958418,3.7912296120461795,49.636079833505384,2.9729952686126615,0.2225,0.33,0.4475,0.0,0.04467753550710143,0.00686737347469494,0.05421684336867373,0.006404340868173634,0.000643218723744749,0.0016830166033206641,0.9827724290877918,0.0,0.6206477068838271,0.034266102465321475
170.0,7.638620261981164,0.20524524892051382,6.246126448283284,52.16753150846192,0.25131376986891923,0.11625,0.31,0.57375,0.0,0.030572514502900584,0.0035655131026205242,0.040254650930186035,0.004028645729145829,0.00036496531306261254,0.004840168033606721,0.3758156844166049,0.042294342278433116,0.6496634474674694,0.025353289714808172
171.0,13.595199489998892,0.6667828687335968,3.070320988093567,76.23206409612101,0.3343999806725518,0.50625,0.43125,0.0625,0.0,0.005802960592118424,0.00404620924184837,0.02618623724744949,0.003234266853370674,0.000983923024604921,0.001156511302260452,0.4522759344598713,0.09798699540247235,0.5097812706990587,0.03077950983287315
172.0,7.989597386566332,0.48676476151968523,6.45286623358492,94.65075565432176,4.119474879350653,0.2225,0.65,0.1275,0.0,0.0255245049009802,0.00678995799159832,0.006783156631326265,0.0007450890178035606,0.0007209353870774155,0.0009628325665133027,0.4512334053839902,0.0,0.8373822585348314,0.009162609253956587
173.0,2.8096442005332483,0.4293241995033128,2.8835679917556027,81.99944191274425,7.590803472574443,0.52875,0.15875,0.3125,0.0,0.024122824564912985,0.008381476295259052,0.011362472494498899,0.008644228845769153,0.001855459891978396,0.0020948189637927587,0.22734033860149397,0.0,0.5929013413658453,0.027220003968803724
174.0,5.827832696651548,0.6857038207501378,5.445253883818333,72.20856356119984,0.5624796150530923,0.32375,0.615,0.06125,0.0,0.022858371674334868,0.008561512302460493,0.04463332666533306,0.003102180436087217,0.000700118423684737,0.001023004600920184,0.9448820701900789,0.0265933586387369,0.5702464652445421,0.012546870271377719
175.0,10.918213848848238,0.5557276740698641,4.42426169641954,78.71162683951727,6.657520616485573,0.2175,0.20625,0.57625,0.0,0.007430086017203442,0.008158231646329266,0.03945209041808361,0.002785917183436687,0.001029026445289058,0.0032832166433286658,0.7531111776845255,0.06054762023194616,0.5739639827104273,0.019053715120701756
176.0,7.925371789367482,0.6614820869063174,3.9388342428107186,17.059532955002677,7.986837690691944,0.4625,0.35375,0.18375,0.0,0.008919983996799361,0.00674494898979796,0.013711142228445689,0.001437147429485897,0.0014745094618923787,0.002979535907181436,0.2616783216978062,0.0,0.6898717380243862,0.016455279003359687
177.0,6.093947466505466,0.36827550603098225,6.5982946755123155,50.84737167241775,0.7162112972208327,0.5325,0.22625,0.24125,0.0,0.013575915183036608,0.006962792558511703,0.04384256851370274,0.0004195239047809562,0.0012101340268053612,0.004240328065613122,0.3202102102526381,0.08413857530034306,0.5953682577029603,0.025506943916916498
178.0,13.080206854757506,0.31942188848146935,3.6811901822883213,99.71119231619906,3.7177985863409377,0.2725,0.13875,0.58875,0.0,0.009390478095619124,0.0034322864572914587,0.025938387677535504,0.0007897379475895178,0.0007896313662732547,0.0037298059611922383,0.20166563004947086,0.02380203451128997,0.5454898817923534,0.03098270364877194
179.0,11.878656720435327,0.4420951852446686,3.878547339344721,76.40205095905105,3.360290768432585,0.2,0.655,0.145,0.0,0.01864352870574115,0.007686537307461493,0.04569553910782156,0.001135767153430686,0.00037606769353870775,0.0015090818163632726,0.07507260938340739,0.012814416890025722,0.7339026701905409,0.02432750503474667
180.0,14.067351373810547,0.5613140038085244,7.3183595466670965,6.860410149953927,6.848818760337744,0.05625,0.67,0.27375,0.0,0.004538507701540308,0.007520904180836168,0.005874374874974994,0.00178875775155031,0.0004600294458891779,0.001048389677935587,0.4154619298364882,0.07936214850003515,0.6771517188628209,0.029048374575592534
181.0,7.295035182440598,0.4334527217192069,5.122511633280372,57.32216415093431,5.092759170912942,0.285,0.32125,0.39375,0.0,0.019153230646129227,0.009776755351070216,0.05577475495099019,0.0051969593918783745,0.001464794878975795,0.0047677735547109424,0.7140645486040601,0.0,0.8245535457449258,0.009003729836044982
182.0,11.561881789272466,0.6333401948212254,3.873247546802007,38.640259965045075,1.2632341632564736,0.3375,0.08875,0.57375,0.0,0.015506901380276057,0.00484736947389478,0.03370434086817363,0.004205381076215243,0.001054700700140028,0.002203880776155231,0.5417727062741796,0.08432363486103209,0.8840990632229325,0.03828195806045079
183.0,1.6372413732713769,0.2101646582390192,7.237317584750361,43.70998269264674,4.750448191682034,0.29375,0.12125,0.585,0.0,0.021966393278655735,0.009526505301060213,0.019175635127025404,0.008919563912782556,0.001981749469893979,0.0034740748149629927,0.09032260358854173,0.013053865519570561,0.891410762852951,0.028367177726170284
184.0,4.159946006455031,0.6632999148109424,8.028595481970113,28.131795530739176,7.519616658847023,0.77125,0.065,0.16375,0.0,0.02174094818963793,0.007884576915383077,0.020320464092818562,0.008854450890178035,0.0015327969593918783,0.0010906981396279255,0.20328876873686666,0.06674273099267905,0.842781017301464,0.02123783595389158
185.0,1.0018287313316157,0.5532522457121485,3.128878034598178,97.98523335466126,2.4030034694755398,0.73625,0.185,0.07875,0.0,0.005489297859571915,0.007191438287657532,0.03942848569713942,0.0011450690138027604,0.0006099115823164634,0.0015457491498299658,0.4964905325445515,0.07716863648897757,0.8851011258364448,0.02756726201554824
186.0,9.584888440450952,0.28316139586408945,2.189505444294204,11.137946515117966,0.18674873121168012,0.13625,0.31875,0.545,0.0,0.014340468093618726,0.007097819563912784,0.01214142828565713,0.006363412682536506,0.0004496209641928386,0.0013013002600520103,0.1392900175243373,0.05173345367466831,0.5948235453737549,0.02259890320804758
187.0,0.8337257952066354,0.43294837728937574,6.507119290920257,49.85913560730216,6.425641600829306,0.44375,0.22375,0.3325,0.0,0.04465793158631727,0.00808261652330466,0.024687337467493495,0.0043839767953590715,0.00024839031806361275,0.0012928385677135426,0.8198548817241923,0.05007289321318752,0.5745365588542897,0.023996412673319853
188.0,6.058917550209817,0.29622160975322703,2.8335360436775305,5.462318219592408,1.1955950482040287,0.235,0.05,0.715,0.0,0.02162332466493299,0.008736147229445889,0.044715943188637725,0.00863120624124825,0.0002560232046409282,0.0025291858371674332,0.5313514914259573,0.0,0.6520042721656852,0.016416058052654718
189.0,9.11464069057947,0.5694787839487947,6.484993520790918,53.241658807285155,3.476305682253998,0.29,0.345,0.365,0.0,0.04249169833966794,0.007677535507101421,0.0346131226245249,0.0052750950190038,0.0007119147029405881,0.0010747149429885976,0.6629957646375118,0.0,0.6659337893654962,0.026164450777162847
190.0,11.74013924818143,0.5906678086293697,4.4700320519607715,16.812561291323618,1.6040387111184635,0.535,0.26875,0.19625,0.0,0.036179235847169436,0.006417283456691339,0.006393678735747149,0.007594978995799159,0.000998494898979796,0.0019218243648729744,0.07579439545656438,0.0,0.6358310446168213,0.03250241774802859
191.0,16.466304157098186,0.4721558618709091,5.531618576762231,38.0851079020409,0.8343743978960236,0.5875,0.3125,0.1,0.0,0.039590318063612726,0.009261852370474097,0.033444688937787556,0.004880696139227845,0.00043990638127625525,0.003746729345869174,0.6479938758016643,0.08455021574350428,0.7429015339981606,0.03759469175060272
192.0,3.7454230231347827,0.6954601336622583,5.719044614498175,91.98908877228995,1.0176535220226781,0.72,0.22875,0.05125,0.0,0.002783956791358272,0.0042694538907781555,0.010205841168233646,0.0005813762752550509,0.00026226829365873173,0.00041658331666333265,0.5322046044016225,0.0,0.8267317728283923,0.027067056221311066
193.0,13.07685097821644,0.35354876259195955,3.7226381237882507,55.01503986857169,0.5727607458906007,0.25875,0.1725,0.56875,0.0,0.024230646129225847,0.004719543908781757,0.027885777155431085,0.008275875175035008,0.0008042032406481296,0.0037204040808161633,0.09573969711767916,0.0,0.8883204900353617,0.012768688244116234
194.0,4.766154993265102,0.6026657373448084,3.241995774217757,68.71257652784891,5.5635494329213016,0.26,0.6875,0.0525,0.0,0.005391278255651131,0.007238247649529907,0.023318263652730545,0.0014297059411882377,6.173154630926186e-05,0.0019133626725345069,0.5722187777007246,0.08750292063863023,0.5113271357833116,0.022015402625048544
195.0,1.3915205373809931,0.6295475100680303,5.992455932883432,54.43257920883689,2.555667991476152,0.0875,0.415,0.4975,0.0,0.03561072214442889,0.007623524704940989,0.03933406681336267,0.005157891578315662,0.0011754390878175635,0.0025470494098819765,0.8646134415914412,0.0,0.7540766458676197,0.032499789514500006
196.0,14.93070500911626,0.3049526860321341,5.477496070425533,99.62393196906449,1.6468939214532154,0.1975,0.10625,0.69625,0.0,0.028269053810762154,0.004130826165233047,0.006287457491498299,0.007639627925585116,0.000643218723744749,0.0014047209441888377,0.9617075823195959,0.0993619242591891,0.6398658901509319,0.023024927999703838
197.0,12.693189872641,0.6459792938463779,7.97709809255618,10.956439720642367,1.0191716189082123,0.3475,0.28875,0.36375,0.0,0.023270054010802163,0.003678935787157432,0.03242968593718743,0.0003971994398879776,0.0005759105421084217,0.0036357871574314864,0.43297149534913226,0.0708056494367396,0.7059163718891417,0.023149259874587755
198.0,6.290535674148431,0.27037304766885006,2.2323136110834434,42.102818795767114,6.7148673721167,0.22,0.42625,0.35375,0.0,0.04158991798359672,0.006937587517503501,0.05800540108021604,0.00488255651130226,0.0003850883776755351,0.0019434486897379475,0.2960797466275257,0.0,0.7793708018330023,0.03749934789531847
199.0,7.23963619439093,0.6138673004351268,6.703273901562295,45.82788557787267,1.9832489300087175,0.185,0.67125,0.14375,0.0,0.032611322264452895,0.0062588517703540715,0.03348009601920384,0.0038481896379275854,0.000486397599519904,0.004193318663732746,0.08230201295210161,0.0,0.6115665036820604,0.03586031954616563
200.0,16.875496776793746,0.6715544169406586,7.149726319649348,16.17923141750548,0.14214703521549135,0.365,0.48875,0.14625,0.0,0.003283856771354271,0.009198839767953593,0.016272254450890176,0.0009571714342868573,0.0019546874174834966,0.0015288257651530305,0.39445467196305606,0.0696763983728643,0.7163449500343304,0.021308911457146515
201.0,10.675339897700457,0.28333912295291946,2.260455888565083,11.456328479932905,7.056462999968474,0.25875,0.6625,0.07875,0.0,0.041374274854971,0.0088873774754951,0.05059351870374074,0.008266573314662932,0.0007903252650530106,0.003097999599919984,0.6503323056193712,0.0,0.7255187025036176,0.02348263097854305
202.0,17.07259356139234,0.687205449464007,6.7571587757890805,60.321574600427155,5.415328057573266,0.5025,0.0925,0.405,0.0,0.029219843968793763,0.009886577315463094,0.016425685137027402,0.0006985797159431886,0.00016165297059411883,0.004846749349869974,0.15902690177130768,0.0,0.7282168205325309,0.03946376294765902
203.0,12.159952849128034,0.6399425157276712,3.0672952974546206,14.78507651388246,5.45569389652698,0.06125,0.17875,0.76,0.0,0.03969813962792559,0.006617123424684937,0.01860912182436487,0.006222024404880976,0.00012348853770754152,0.00048333666733346665,0.9106754554865208,0.0,0.5367413005180864,0.017611942547535182
204.0,2.44980296267878,0.2357936582780386,5.231202295244849,60.1286678185078,4.760673909757462,0.2225,0.5025,0.275,0.0,0.02049609921984397,0.0045017003400680145,0.04098639727945589,0.006915943188637727,0.0009443707941588318,0.0010709541908381676,0.9433192467530096,0.0,0.7475621459771825,0.03877419150376387
205.0,15.484298125874304,0.20314325919509252,4.53890874491297,92.39357356037887,5.079592648936186,0.20875,0.6925,0.09875,0.0,0.02879835967193439,0.00793858771754351,0.05419323864772954,0.002121764352870574,0.0015043471094218844,0.003335867173434687,0.529035541227555,0.0,0.6239262023588807,0.029347983531246284
206.0,6.4361376245950135,0.6964227892402332,4.029730903143315,96.70258472050683,5.632130901379622,0.29375,0.355,0.35125,0.0,0.025426485297059414,0.006145429085817164,0.05130166033206641,0.008236807361472294,0.00011585565113022605,0.0010888177635527106,0.41600106706495993,0.07106420855362537,0.622044300422812,0.022776548014271106
207.0,18.11712879590318,0.6602243347912213,4.359665033087568,52.4490735138666,5.4629093720354565,0.445,0.20375,0.35125,0.0,0.021691938387677537,0.001718343668733747,0.045624724944988995,0.0012455291058211643,8.185461092218444e-05,0.002027125425085017,0.19799138962831514,0.0,0.7179697243960321,0.038534754375182986
208.0,18.199023875013722,0.5940299782740291,5.070788599083452,99.67783749958605,2.4536445925935304,0.45125,0.445,0.10375,0.0,0.028533706741348273,0.003371074214842969,0.03993598719743949,0.008549349869973995,0.000700118423684737,0.003526725345069014,0.9826577360848507,0.09717625449776567,0.8873505777340325,0.028141787383836783
209.0,8.203440241963413,0.6215608003844397,7.45757072852726,92.59336736065808,5.911428980608796,0.41875,0.14625,0.435,0.0,0.03836507301460292,0.0039993998799759956,0.02073354670934187,0.0053941588317663524,0.00017553094618923785,0.002185077015403081,0.18368108918418433,0.0,0.7263773432682116,0.0218075680330121
210.0,18.241864431097675,0.617105860768377,7.314766414081352,94.5946909499537,5.419583753134301,0.0625,0.17625,0.76125,0.0,0.049480496099219846,0.008089817963592719,0.014820564112822562,0.006402480496099219,0.0010838444488897778,0.0021267853570714145,0.3014380505202473,0.08523570652656842,0.5250557802471081,0.01625082741753902
211.0,14.933945701851146,0.2821571349712478,6.63893235429557,91.47968315122203,6.666320979286497,0.16875,0.0575,0.77375,0.0,0.03574794958991799,0.009234846969393879,0.04244988997799559,0.001470634126825365,0.0004912548909781957,0.004580676135227045,0.15665812456987002,0.09574781542301959,0.6253437855776587,0.03603589141864561
212.0,7.712823118201753,0.4479422678487228,2.6011207446199327,77.36222403619458,6.093194767523026,0.08875,0.08625,0.825,0.0,0.02670074014802961,0.00967593518703741,0.03268933786757351,0.003900280056011202,0.0005092962592518505,0.00413126625325065,0.40882495929178986,0.05446690048944445,0.6665423909036869,0.026103993618547976
213.0,13.408729970676644,0.6712863649797014,6.79806553777094,28.141348390359543,5.513842456449672,0.08,0.50625,0.41375,0.0,0.04104100820164033,0.00864252850570114,0.04853990798159631,0.005600660132026404,0.0019415033406681337,0.0032850970194038807,0.7659230130443414,0.0,0.542470392562805,0.020956732899346645
214.0,17.54428256442105,0.6150428244578096,4.214755944862343,28.344565766921278,4.581650392212125,0.12,0.285,0.595,0.0,0.004136627325465093,0.00642988597719544,0.04544768953790758,0.0006316063212642528,0.00010475327065413083,0.0014272854570914182,0.6101661468096441,0.0,0.5395430980061697,0.03697661233407571
215.0,4.328805661975735,0.2573733260355281,7.179653649371988,52.5688804026603,7.199325023181006,0.1475,0.5175,0.335,0.0,0.03307201440288058,0.007405681136227246,0.010288457691538307,0.008450750150030006,0.0018006418883776756,0.0003056411282256451,0.993401536872293,0.06921684571463142,0.8156080485619982,0.018439494529266593
216.0,3.9411531678216423,0.20274628478059725,5.135399257286474,62.86705011839331,7.772513841171181,0.13625,0.295,0.56875,0.0,0.007763352670534108,0.003862572514502901,0.026634726945389077,0.0018873574714942988,0.0004121504300860172,0.002907141428285657,0.7295906571916567,0.043082008510229954,0.6761438860768116,0.009030766573661671
217.0,17.873953599295042,0.6283390857591843,7.866103079347719,78.76241086250914,4.231972584853098,0.22875,0.47125,0.3,0.0,0.0013822764552910583,0.009899179835967196,0.02253930786157231,0.0007767153430686136,0.00027684016803360676,0.0013407881576315262,0.9005287845749613,0.045710277549084015,0.7614524127511126,0.039863372804143773
218.0,4.906457813214698,0.6885980285032052,5.102979683803269,90.9314116936626,6.634824591472678,0.55125,0.3425,0.10625,0.0,0.03003340668133627,0.007981796359271855,0.023613322664532903,0.008149369873974795,0.0017180679335867173,0.0034844168833766754,0.32076351287539845,0.026070248527163553,0.7889949786690966,0.023952076256795747
219.0,13.344561759050984,0.5143886503335944,7.124093340061442,92.68935857443246,7.001881186124382,0.14875,0.6875,0.16375,0.0,0.04639287857571515,0.009139427885577117,0.051207241448289656,0.005381136227245448,0.0018443575115023006,0.004296739347869573,0.19891412708104989,0.09546679159750507,0.7025016719998428,0.012338284376632407
220.0,0.25426788713735893,0.6304807798552363,7.5961322990090805,84.88894821641946,0.2460572133674117,0.20125,0.09625,0.7025,0.0,0.02477955591118224,0.009663332666533308,0.03667853570714143,0.0038184236847369473,0.00111090650130026,0.0040645129025805166,0.8707873212096744,0.0,0.671808813010824,0.009868223105499794
221.0,16.624862266090577,0.24419147003538605,3.812975415932197,67.40776618350277,5.501930889073183,0.185,0.06375,0.75125,0.0,0.007273254650930186,0.009647129425885179,0.011232646529305858,0.004073294658931786,0.001054006801360272,0.0020966993398679737,0.6277461756553997,0.0831723371630652,0.8749994763917175,0.03714117030137375
222.0,12.88481927135549,0.6179154392849922,3.8249312099755084,80.90096210752584,1.7287267146510363,0.725,0.10625,0.16875,0.0,0.011331266253250653,0.009809161832366475,0.04419663932786557,0.005628565713142628,0.00036010802160432086,0.0009590718143628726,0.21106191400887525,0.0,0.7807437250657374,0.011209485362122577
223.0,3.176298086301348,0.540154394028916,8.309733686679513,82.78114666687785,5.292014833320684,0.2275,0.155,0.6175,0.0,0.029023804760952194,0.00912142428485697,0.008518103620724145,0.0027654530906181234,0.0005731349469893979,0.0008171034206841368,0.6943451393779255,0.07820720568552891,0.7925803229474488,0.01899321182143099
224.0,0.8755964584241732,0.25596150352408237,3.4558672681610414,66.80648235631371,7.547726789335722,0.525,0.31875,0.15625,0.0,0.021662532506501304,0.005832166433286658,0.0498381676335267,0.0017999199839967993,9.920208041608322e-05,0.004781876375275055,0.7123302386637975,0.0,0.690008138103348,0.030120743122537555
225.0,2.291539137617244,0.62669321125516,4.003337166312656,48.76444086491954,3.828570900104866,0.05875,0.16375,0.7775,0.0,0.028925785157031408,0.0028021604320864176,0.05900860172034406,0.001279015803160632,0.0006647295859171834,0.0018729345869173833,0.5947769021696382,0.0345378499321842,0.7706855644802044,0.02419691810473472
226.0,3.064134405720622,0.40981654256043176,4.579982202236856,40.939270847205954,1.1302636210461028,0.19625,0.61125,0.1925,0.0,0.0289747949589918,0.0040534106821364276,0.0066651330266053205,0.003985857171434287,0.0008860832966593319,0.0014639527905581115,0.050685878257461,0.03576930013287408,0.5591978783787377,0.01817978188774117
227.0,4.6588999760114715,0.3579970910614294,5.946695366622295,66.53919825485491,5.326755903636394,0.80625,0.05375,0.14,0.0,0.011154830966193241,0.007434486897379477,0.025773154630926182,0.0009497299459891977,0.00023520624124824966,0.003911262252450491,0.5656012616668287,0.0,0.636974810004903,0.015663176829390342
228.0,10.878312639162111,0.6300104870093692,4.007636379867549,49.95628413156609,5.732114188864719,0.1675,0.08625,0.74625,0.0,0.033032806561312265,0.00988477695539108,0.03450690138027605,0.004110502100420083,0.0016715767153430688,0.003453390678135627,0.5361071901714866,0.09066021431280738,0.8155206315189161,0.03672098345999179
229.0,13.82416371195531,0.3160502401393418,4.042869249602611,62.4547711826579,3.9986246381603845,0.63875,0.24625,0.115,0.0,0.03177815563112623,0.009699339867973597,0.023188437687537505,0.0013906381276255252,6.867053410682136e-05,0.0030951790358071615,0.4052092212198311,0.08292080361776889,0.7788764422803136,0.018314047806097033
230.0,9.987147578511683,0.4691752141052787,7.933490539978118,70.59127041697431,2.833602206724707,0.64,0.31,0.05,0.0,0.021486097219443893,0.009351870374074815,0.004894778955791158,0.002880796159231846,0.0017895395079015803,0.0006055611122224445,0.877827979156555,0.0,0.840176585911983,0.014839127265234932
231.0,12.412560534464392,0.26957296857394075,6.238081542069944,12.827464623857338,4.757359499917717,0.52625,0.31625,0.1575,0.0,0.009704140828165633,0.0073480696139227855,0.03784696939387877,0.00242872574514903,0.0006376675335067013,0.0035380076015203037,0.7218035798289335,0.03866131615525732,0.7148646476018579,0.030665490131068104
232.0,0.7028512225930511,0.25813715258363956,2.7779567979578794,74.56155905979266,2.6716754886690333,0.715,0.2175,0.0675,0.0,0.0062342468493698745,0.006199439887977596,0.02186657331466293,0.0016529505901180235,0.0007528547309461893,0.004711362272454491,0.7643303978407373,0.0,0.8008501663843128,0.028376751908033196
233.0,17.018578184820864,0.5474730418366263,4.170686260089546,16.436273545906527,2.962771283652574,0.08875,0.53375,0.3775,0.0,0.003705341068213643,0.005194838967793559,0.049413282656531304,0.0013664532906581316,0.0008673480296059212,0.004466913382676535,0.24283353363748517,0.07529340810196905,0.5224907395439162,0.015773683603042977
234.0,12.742778569701688,0.45435610353746725,7.8497910402619775,40.86011218436594,5.977164535010275,0.32375,0.33875,0.3375,0.0,0.03072934586917384,0.007997999599919984,0.02379035807161432,0.00854004800960192,0.0014654887777555514,0.0010342868573714743,0.48949383724797507,0.0,0.6510330018549415,0.03147574820509723
235.0,8.429031480066241,0.20566559492586967,5.973175362315196,54.905084664064574,4.390140829083625,0.70375,0.12375,0.1725,0.0,0.04228585717143429,0.00900980196039208,0.0041394278855771145,0.00472256451290258,0.0004565599519903981,0.001241128225645129,0.5181472763624435,0.029524372136945407,0.6771661460439629,0.038739633914237216
236.0,8.396794869396517,0.40367553486922225,8.271844156258243,73.50136403138211,6.804339594522894,0.155,0.2925,0.5525,0.0,0.026720344068813767,0.008955791158231648,0.05242288457691538,0.004331886377275454,0.0015466749349869976,0.0033208241648329663,0.37663715370296497,0.0,0.5549061562649786,0.031095918078036043
237.0,11.767379721554157,0.3484780576709634,3.596497359832417,29.07987377885533,3.297950164640181,0.21375,0.2575,0.52875,0.0,0.020211842368473697,0.005009401880376076,0.003950590118023604,0.008255411082216443,0.00040174194838967794,0.0010577915583116623,0.7776161308577174,0.0,0.7968131475742493,0.018321218218362245
238.0,14.426403091056377,0.3225282664122033,3.3631265225659863,10.748233276491376,7.287597082319812,0.76875,0.085,0.14625,0.0,0.004567913582716543,0.004148829765953191,0.023908381676335265,0.0013683136627325465,0.0008930222844568915,0.003296379275855171,0.32805534021632554,0.07993133305942342,0.5476317268197997,0.01701872958304515
239.0,18.98105167348898,0.340252472177782,3.3657995524244475,52.212764635889435,7.22937501759235,0.05875,0.63875,0.3025,0.0,0.03888457691538308,0.009175435087017403,0.00698379675935187,0.0056992598519703935,0.0014911630326065214,0.0008923184636927385,0.944601276602226,0.09809058730034576,0.5379055496860825,0.01950714780508083
240.0,4.654438806958714,0.26483039320939744,2.2529458523459787,86.59040986050704,7.48303957505545,0.83,0.09875,0.07125,0.0,0.005234446889377876,0.00914122824564913,0.05125445089017803,0.0024733746749349868,0.0014495291058211645,0.002659871974394879,0.35291543844433165,0.0,0.5444281154737028,0.009643352780197696
241.0,15.098552801554758,0.494686772655915,2.916209441148732,20.891630078296092,3.0304004462525236,0.3325,0.3225,0.345,0.0,0.048921784356871376,0.008316663332666535,0.04863432686537307,0.008365173034606922,0.0007681205041008202,0.002775515103020604,0.8293556456529144,0.045332571664987074,0.6832875644675214,0.010839772350162176
242.0,0.12357140337579571,0.30355653256070403,6.132526839829108,79.2794875593654,4.82893435338126,0.3675,0.36625,0.26625,0.0,0.012507501500300063,0.004051610322064413,0.05339067813562712,0.003742148429685937,0.000927717223444689,0.0032813362672534504,0.28315816985934505,0.0,0.6269548743581752,0.026414777044763908
243.0,17.29026764035261,0.44446757538379533,5.028096129801429,3.8762200661065513,8.169825330542945,0.4175,0.17125,0.41125,0.0,0.027710342068413687,0.00969213842768554,0.05979935987197439,0.00566391278255651,0.0007688144028805762,0.0023561912382476496,0.9623133741545251,0.07983034784621477,0.711977089790709,0.028818196048814998
244.0,6.513874024781192,0.6581894562565545,3.7737897235358195,5.575307391104127,2.6630957853989803,0.47375,0.3025,0.22375,0.0,0.040041208241648335,0.007155431086217245,0.007868973794758951,0.00824238847769554,0.001526551870374075,0.003282276455291058,0.2239543478905641,0.08373695261123965,0.5069148891238064,0.009501397442171782
245.0,15.539985505776606,0.4288988491343907,4.077896923732919,99.86378527608908,6.2682606822149465,0.2075,0.43125,0.36125,0.0,0.03904140828165634,0.006908781756351271,0.014749749949989996,0.004769073814762952,0.001437038927785557,0.003113982796559312,0.8612764009434211,0.0,0.6484314165014937,0.03997777496583971
246.0,3.11474656959812,0.6260551723718961,4.436182494134446,45.4280342202138,8.156547224138725,0.54875,0.24625,0.205,0.0,0.044667733546709346,0.008196039207841569,0.04034906981396279,0.006636887377475494,0.0015640224044808962,0.0016942988597719543,0.800400769323555,0.0,0.5609831813876309,0.03627104940885528
247.0,7.656618891747402,0.3214335239244153,8.032211264792412,63.26097046944182,4.987553312939189,0.2425,0.23125,0.52625,0.0,0.0455989197839568,0.005880776155231047,0.02838147629525905,0.00797263452690538,0.0008583273454690939,0.001810882176435287,0.11154313810534329,0.03336680111092768,0.5114735100512815,0.011167743749010646
248.0,10.6323140167872,0.5375007289476039,6.6913154682614495,14.047041822267014,4.2018334176548215,0.28375,0.05125,0.665,0.0,0.022191838367673536,0.004521504300860173,0.05616423284656931,0.009447909581916382,0.0010033521904380877,0.004367253450690138,0.6342884197105714,0.0,0.5134881759648263,0.03980454112017161
249.0,1.7197843169785993,0.5286602666214226,2.8859201128358922,31.05599267724527,7.2880924651639365,0.22125,0.6475,0.13125,0.0,0.04924524904980997,0.009724544908981798,0.058619123824764946,0.008400520104020804,0.0017298642128425685,0.0034073214642928585,0.5298469174361183,0.0,0.6443902002574614,0.013926991171794616
250.0,6.8574595075723375,0.6587115039776628,5.497956822416336,73.56485616264392,7.920094397919218,0.235,0.22375,0.54125,0.0,0.015075615123024605,0.00946349269853971,0.018892378475695137,0.00910746149229846,0.00026226829365873173,0.0025874774954990996,0.30146175449207635,0.0,0.8392140449467655,0.02909806220244225
251.0,16.32375771510801,0.20281528629395196,3.979794054858634,24.740896108110313,7.367217797988601,0.065,0.6625,0.2725,0.0,0.009468893778755753,0.003968793758751751,0.04451530306061212,0.00023162632526505303,0.0002747584716943389,0.004103060612122424,0.6398794886709697,0.012539273821906866,0.8824600750078684,0.026095465033232755
252.0,15.986058465532922,0.2973425237535646,2.6331089003856767,43.9096507116636,3.449651206640117,0.34,0.535,0.125,0.0,0.03526765353070614,0.0075569113822764565,0.05467713542708541,0.0006706741348269654,0.0014280182436487297,0.0007146229245849169,0.40920402351979185,0.0,0.5564540760617865,0.03568044231658837
253.0,7.674336568487506,0.4609578236307324,2.5187180559605853,42.11165820221858,5.874177070114713,0.2625,0.36375,0.37375,0.0,0.01214482896579316,0.009123224644928988,0.02081616323264653,0.005407181436287257,0.0006584844968993799,0.004063572714542909,0.8539847797498122,0.0,0.5076765267812268,0.019208063927973737
254.0,4.582592370358841,0.31593667138315135,5.625231866969363,37.56890643095042,6.9972229448999865,0.41625,0.4075,0.17625,0.0,0.03821804360872175,0.009146629325865175,0.05683696739347869,0.0035598319663932786,0.000757712022404481,0.0025978195639127823,0.9984847518829435,0.05192009794321615,0.7040569530308125,0.02595066506090353
255.0,1.4555988877798502,0.21512257909437743,4.511131844755487,9.280331013186379,2.3914400431223592,0.31625,0.425,0.25875,0.0,0.04029605921184237,0.009449089817963593,0.028086417283456688,0.0023803560712142425,0.0011969499499899982,0.003726045209041808,0.648311536257918,0.0,0.8735493884764751,0.01366402367599262
256.0,8.120298057383145,0.4378656230223792,6.680701750147783,53.46496595084556,4.709872038538726,0.56625,0.29625,0.1375,0.0,0.03065093018603721,0.0051462292458491704,0.032535907181436285,0.005816463292658531,0.00021230758151630328,0.0018221644328865773,0.6680317740211343,0.04289835687059934,0.7414321810967834,0.030407892077538544
257.0,11.632220060936142,0.6914945226435509,3.9324737628915596,10.469534690792319,5.535530471335139,0.435,0.15,0.415,0.0,0.032150630126025204,0.005022004400880176,0.0238375675135027,0.008087977595519104,5.68742548509702e-05,0.0019613122624524905,0.3475656702682628,0.09333446677548517,0.6344576678604953,0.0305214351362166
258.0,8.369229550232609,0.5952305255622086,2.8173130666571615,57.26974454127543,5.485603096791753,0.565,0.3475,0.0875,0.0,0.04984316863372675,0.0048797759551910385,0.033786957391478294,0.007671254250850169,0.000799345949189838,0.004663412682536507,0.8306467409501652,0.0,0.6452354450671358,0.009342179128420006
259.0,7.125355769420246,0.4477270188126128,2.636833436462323,0.5975126850140933,3.1602725294738705,0.225,0.0875,0.6875,0.0,0.04835327065413083,0.0037977595519103824,0.023082216443288655,0.004925345069013802,0.00030251442288457695,0.004447169433886777,0.31090132801414333,0.0,0.7179186077158676,0.010969314448216107
260.0,6.2145670478108,0.2286409328514491,4.204009680072052,42.06025357104551,6.614896826830057,0.16375,0.51,0.32625,0.0,0.0483238647729546,0.007684736947389479,0.041375875175035,0.0017701540308061611,0.0014002622924584917,0.0024191838367673534,0.5495348193256219,0.0,0.6781948843003643,0.02100536303145279
261.0,10.306094974723713,0.48319109115951,3.4984083641334305,50.94658788143552,2.259493527855353,0.15,0.32875,0.52125,0.0,0.04835327065413083,0.009186237247449491,0.02920764152830566,0.006328065613122624,0.001239971674334867,0.0038332266453290657,0.5278834355222707,0.0,0.6458256188441543,0.012534836171674881
262.0,12.160465805899074,0.38651124442352147,2.2577729873244814,35.15007539176398,8.28109100537076,0.1425,0.60375,0.25375,0.0,0.04822584516903381,0.007173434686937388,0.05837127425485097,0.005641588317663532,0.0014557741948389678,0.0039460492098419685,0.9223517424335976,0.011004426720595782,0.6709151178576608,0.023087065336763118
263.0,3.911172995886202,0.2338998705465149,5.661630276644802,18.8932892688572,7.139523603077725,0.53875,0.35625,0.105,0.0,0.024064012802560514,0.001561712342468494,0.050298459691938385,0.0039244648929785955,0.00019287841568313663,0.0020534506901380275,0.2080453144127002,0.0,0.6616854016435254,0.02843181770507157
264.0,13.21332566168721,0.40507815398176406,7.108374295181412,79.97719093268407,7.6721682694295685,0.20875,0.555,0.23625,0.0,0.02807301460292059,0.009789357871574315,0.026339667933586716,0.007509401880376074,0.001088007841568314,0.002221744348869774,0.7026365586698594,0.0,0.7154832800662039,0.011365937604167627
265.0,1.402667987038512,0.216203161325686,3.844594210722188,78.63835921212176,7.2880924651639365,0.09125,0.10875,0.8,0.0,0.03663992798559712,0.006788157631526306,0.033857771554310856,0.006912222444488897,0.0016452085617123424,0.001315403080616123,0.3185683597122504,0.0,0.6308393419275066,0.039203851481547855
266.0,4.328595713136656,0.4368628477669494,8.118188615354192,51.31662823818312,7.161806857413533,0.395,0.40875,0.19625,0.0,0.024113022604520907,0.006591918383676736,0.019234646929385875,0.0016938787757551509,0.0011740512902580517,0.004262892578515703,0.3475775739048675,0.0,0.589782053382507,0.0180969788228907
267.0,2.4813784319076526,0.3018435361842367,2.39539510956087,67.12709301243926,4.174374412001889,0.3025,0.32125,0.37625,0.0,0.014271854370874176,0.004787957591518304,0.0403254650930186,0.0026594118823764753,0.0008028154430886178,0.004687857571514303,0.6024283399364527,0.0,0.7222761450520886,0.023914211371514966
268.0,3.1231172261165736,0.2275286459178228,2.110006862447592,25.232806281574224,0.6610250800791404,0.46625,0.37625,0.1575,0.0,0.019633526705341072,0.005050810162032407,0.04072674534906981,0.0035914582916583317,0.0007452218443688738,0.003756131226245249,0.3848428901839736,0.0,0.5654035223854299,0.017681345021242606
269.0,8.601060722382455,0.20208274355790506,2.912260668529413,57.95604713380993,0.11224922975447078,0.36375,0.5325,0.10375,0.0,0.025671534306861376,0.001585117023404681,0.01539887977595519,0.0013664532906581316,0.00010961056211242249,0.0022978995799159832,0.043056073929049456,0.0,0.5958676419215522,0.038863345433498946
270.0,6.143962077482468,0.4948182751708797,6.842818530986302,5.815212967727481,7.98147291582013,0.36625,0.52125,0.1125,0.0,0.04472654530906182,0.006446089217843569,0.04916543308661732,0.0072973194638927775,0.0007917130626125226,0.003594418883776755,0.5148600596851086,0.057090822550536324,0.8657352195864041,0.032872746987301686
271.0,5.8082095572758625,0.39267992057157197,6.614394649049144,28.12832519346651,0.8269844592149946,0.20125,0.54875,0.25,0.0,0.032611322264452895,0.009332066413282658,0.024899779955991196,0.0008715943188637727,0.00032263748749749953,0.003464672934586917,0.6077744603837721,0.011748174316429901,0.5995476070029565,0.03868445035286919
272.0,14.771640431148876,0.30224922765551865,3.2733060750523464,45.57336354408189,6.375740654972551,0.32375,0.05875,0.6175,0.0,0.01878075615123025,0.007204040808161633,0.009910782156431285,0.006106681336267253,0.001126866173234647,0.002467133426685337,0.6710476871634256,0.01752435913222717,0.5068333082737536,0.029955725109345348
273.0,17.464611730209032,0.6760475112388837,4.072200500586178,63.929972215834965,2.8199269205403494,0.37625,0.33,0.29375,0.0,0.013997399479895981,0.0075335067013402686,0.05951610322064412,0.0003209241848369674,0.000985310822164433,0.0025714942988597717,0.1604887521563027,0.0763785998530234,0.8021420164715132,0.02376556803517385
274.0,5.650574092775922,0.68919283510507,3.3574177818349193,77.83538241226634,4.8007727001970535,0.1675,0.66375,0.16875,0.0,0.04444228845769154,0.005529705941188239,0.029667933586717342,0.0016603920784156831,0.00028655475095019006,0.004404860972194439,0.7147879534405004,0.0,0.5537143750047792,0.011264123323040253
275.0,0.6145989346845336,0.5128494648484656,3.0756716710940415,4.009723735557934,4.991928710356905,0.4125,0.0675,0.52,0.0,0.03077835567113423,0.006703540708141629,0.05827685537107421,0.006192258451690337,0.0012295631926385279,0.003160992198439688,0.45470169409270705,0.0,0.5343308830979632,0.025774214287775807
276.0,17.725205208373758,0.47818107177561214,3.53480735338796,96.19290016687434,4.43361441911063,0.2875,0.065,0.6475,0.0,0.026004800960192042,0.0036141228245649133,0.047713742748549705,0.005189517903580716,0.00021577707541508304,0.003828525705141028,0.17562843921817575,0.024361819567962566,0.5397387471534416,0.01616428050167048
277.0,14.775062860959752,0.23023396316513034,4.8188572024460194,73.33922913650024,3.9020242532439116,0.16,0.07625,0.76375,0.0,0.02440708141628326,0.003950790158031607,0.023542508501700338,0.008508421684336867,0.00010544716943388678,0.004530846169233846,0.695761011850428,0.04921275110201456,0.846389460351529,0.034430533321865034
278.0,15.971037540748414,0.29036200856351996,6.603283031776517,70.23057220504721,8.17254044639307,0.125,0.23375,0.64125,0.0,0.011341068213642728,0.0017813562712542508,0.04578995799159832,0.0025570914182836565,0.00029141204240848174,0.0034110822164432884,0.260113197036922,0.09101836429133006,0.7512671242561679,0.009903659651308945
279.0,4.494304810103844,0.6874835929434308,6.3841472178053555,18.295304622615262,2.6573515707469064,0.55125,0.08,0.36875,0.0,0.03520884176835368,0.00975875175035007,0.0162250450090018,0.00432258451690338,0.0011428258451690338,0.004638967793558712,0.3212129642634089,0.0,0.6388263382975319,0.028917971378078923
280.0,8.906700904467536,0.5822508356589041,7.687187831203742,69.91914043505544,1.8226124935934238,0.19125,0.665,0.14375,0.0,0.02673994798959792,0.0022440488097619526,0.055432486497299455,0.005801580316063212,0.00029071814362872575,0.0038332266453290657,0.3188393645025946,0.0,0.6379746547016562,0.01204853153136418
281.0,11.796631123317795,0.34404471877725695,7.590064184744762,63.15118966238944,1.1098839015370692,0.4175,0.43625,0.14625,0.0,0.010635327065413085,0.009920784156831366,0.04963752750550109,0.001360872174434887,0.0006196261652330466,0.004716063212642528,0.0907536419910046,0.0,0.6395437764393271,0.014743091621953898
282.0,9.341584776523359,0.6667760146196262,3.0613948820416335,86.95834163532153,5.338356533009123,0.6325,0.06375,0.30375,0.0,0.020104020804160835,0.00470874174834967,0.01377015403080616,0.008778175635127025,0.0006626478895779156,0.0032813362672534504,0.8115102729370927,0.041955126261884385,0.7245749798730587,0.03341630420075447
283.0,9.759813453957554,0.6996510118401532,2.429513103927735,54.79508693285254,8.002602857830873,0.1975,0.11625,0.68625,0.0,0.027220244048809766,0.008075415083016603,0.038814762952590516,0.006259231846369273,0.0013745880376075216,0.0035690338067613523,0.8584375552291181,0.04489383081342518,0.8662638706300176,0.03421665024732747
284.0,1.3360116836213365,0.593961466489732,5.268021096745674,48.404362056255145,2.9045124692764808,0.12625,0.615,0.25875,0.0,0.04605961192238448,0.00857231446289258,0.016638127625525103,0.0019580516103220643,0.0016729645129025805,0.0024520904180836164,0.026304584444465085,0.03798817567310316,0.7490979581689589,0.010535309893547394
285.0,15.713097899260037,0.6641020346936262,2.286177712511576,16.886981869622048,2.6703816433110563,0.19375,0.7,0.10625,0.0,0.005567713542708542,0.007432686537307462,0.04246169233846769,0.002666853370674135,0.0005627264652930587,0.0026683336667333466,0.14832243860003017,0.0,0.8527522273942321,0.033338868123747735
286.0,15.54528057008117,0.6202561409634648,8.257028681572407,37.67357202665204,3.7920668463689373,0.33625,0.57375,0.09,0.0,0.04547149429885978,0.007616323264652932,0.02677635527105421,0.00511138227645529,0.0005051328665733147,0.0030415883176635326,0.10579493704897351,0.0,0.6687227154294018,0.024103351142496687
287.0,14.979805406863418,0.2849722791248292,4.397846096049163,59.337129827659076,4.998613048714511,0.27875,0.29125,0.43,0.0,0.03180756151230246,0.006786357271454292,0.0229877975595119,0.004830466093218643,0.001385690418083617,0.0003385477095419084,0.17482864705592294,0.0,0.5324437016073402,0.02692990532395234
288.0,7.159533023850163,0.6132881734852416,6.103586026765093,18.462023617070496,3.5821389077166885,0.475,0.185,0.34,0.0,0.0214370874174835,0.009521104220844168,0.03896819363872774,0.007390338067613521,0.001182378075615123,0.003386637327465493,0.7193292423078574,0.0,0.5384429986861902,0.018889307799833735
289.0,8.354032929342027,0.5551009330600234,7.77142324463151,63.65582873837687,0.4484515062472007,0.19375,0.245,0.56125,0.0,0.0236621324264853,0.009429285857171437,0.04590798159631926,0.003898419683936787,0.000372598199639928,0.003595359071814363,0.8705896967157493,0.0,0.7749148527740186,0.015711931978572874
290.0,8.061948773072062,0.2963728905780984,6.381043996286921,48.14741918248331,2.6243908740097037,0.1775,0.74625,0.07625,0.0,0.018917983596719347,0.005340668133626726,0.018231446289257852,0.002707781556311262,0.0010026582916583316,0.0019772954590918184,0.5773429192335859,0.0,0.6464839364042705,0.010800791670661348
291.0,17.994791434594223,0.6111971204319975,8.288953299111778,17.151253442575047,1.3351530530240574,0.685,0.26375,0.05125,0.0,0.03623804760952191,0.0031946389277855572,0.03663132626525305,0.0019189837967593518,0.0007722838967793559,0.0041115223044608925,0.19259788099887304,0.0,0.8052922428140732,0.03901977501140804
292.0,11.399265518473486,0.29661961516257634,2.432058521679746,42.21825932653287,7.745301510843488,0.14,0.4875,0.3725,0.0,0.03819843968793759,0.0032432486497299463,0.036784756951390274,0.0013980796159231846,0.0002046746949389878,0.002186017203440688,0.06410962685772903,0.07734238620590966,0.6760726013071824,0.030548152513816214
293.0,3.43001343556738,0.4900254015647334,6.806795270843888,4.7473433873894635,0.8528877249013249,0.70375,0.24,0.05625,0.0,0.002342868573714743,0.009711942388477696,0.0544882976595319,0.0007785757151430286,0.0011379685537107422,0.0032286857371474293,0.10755447517236215,0.0679480965215396,0.8052540320262945,0.010036139056543587
294.0,14.370404570728832,0.6240172003385687,3.1089476795249524,43.310728448749764,7.117607098237631,0.475,0.30625,0.21875,0.0,0.04866693338667734,0.008835167033406682,0.033468293658731746,0.005204400880176034,0.001452998599719944,0.0010728345669133827,0.03195433918889445,0.0,0.8973396638384976,0.011462779787037839
295.0,6.669342823127278,0.2970691035651465,7.046730495582866,87.27489558709514,7.466608188435085,0.15125,0.20625,0.6425,0.0,0.028955191038207644,0.00863352670534107,0.00920264052810562,0.00823866773354671,0.0012482984596919383,0.0024737147429485895,0.46539387818505196,0.06694439181084777,0.870068217358001,0.015150049590394883
296.0,6.0146427658807315,0.24290850781253998,4.443163346679705,94.83657688282945,4.6545954821709685,0.1525,0.59,0.2575,0.0,0.029435487097419485,0.006964592918583717,0.026622924584916982,0.008839567913582716,0.0014377328265653133,0.0035643328665733148,0.9574332477886867,0.0,0.8286799059015635,0.018074310335835737
297.0,12.33570849263475,0.25623025329879556,5.293232848080106,83.77251029901096,4.493906375252222,0.5375,0.05625,0.40625,0.0,0.03416003200640128,0.006485697139427886,0.005980596119223844,0.0005125425085017003,0.0014183036607321466,0.0018513102620524105,0.8976517676738808,0.0,0.8491947221587979,0.026657200087888154
298.0,4.484065513927802,0.28409797605410486,7.2832691491688015,62.58077735556339,4.210743112426157,0.14875,0.105,0.74625,0.0,0.04666733346669334,0.006476695339067814,0.01617783556711342,0.002743128625725145,0.0011456014402880577,0.0038980996199239845,0.03768392919522432,0.051187293931730674,0.8110794739036703,0.03716447911166446
299.0,2.7075081208631424,0.3356113972934207,3.019548202420256,42.83452002874222,1.559143276199269,0.05,0.55875,0.39125,0.0,0.03573814762952591,0.0025663132626525306,0.016331266253250647,0.003725405081016203,0.000201899099819964,0.004607001400280056,0.22138549896684132,0.0,0.599780420323233,0.03677304256638665
